,tr|A0A014LH77|A0A014LH77_9ACTN,tr|A0A060ZWX9|A0A060ZWX9_9ACTN,tr|A0A0A0NG72|A0A0A0NG72_STRRN,tr|A0A0D7CQA4|A0A0D7CQA4_9ACTN,tr|A0A0L8JDE3|A0A0L8JDE3_STRVR,tr|A0A0X3X3M8|A0A0X3X3M8_STRVO,tr|A0A1A9QL74|A0A1A9QL74_STRA9,tr|A0A1H4LWW2|A0A1H4LWW2_STRMJ,tr|A0A1H9NHF9|A0A1H9NHF9_9ACTN,tr|A0A1Q5M281|A0A1Q5M281_9ACTN,tr|A0A1X1NL32|A0A1X1NL32_9ACTN,tr|A0A1Z2L8A0|A0A1Z2L8A0_9ACTN,tr|A0A2A2CYM5|A0A2A2CYM5_9ACTN,tr|A0A2G1XQJ7|A0A2G1XQJ7_STRCJ,tr|A0A2K8RCA0|A0A2K8RCA0_9ACTN,tr|A0A2N8P1W2|A0A2N8P1W2_STREU,tr|A0A2P8BKX4|A0A2P8BKX4_9ACTN,tr|A0A3M8TNV9|A0A3M8TNV9_9ACTN,tr|A0A3R9VXM4|A0A3R9VXM4_9ACTN,tr|A0A3R9Y3H9|A0A3R9Y3H9_9ACTN,tr|A0A3S9PFS5|A0A3S9PFS5_STRLT,tr|A0A401WAW0|A0A401WAW0_STREY,tr|A0A445N742|A0A445N742_STRNE,tr|A0A499UQM7|A0A499UQM7_9ACTN,tr|A0A4D4K635|A0A4D4K635_9ACTN,tr|A0A4D4L2H2|A0A4D4L2H2_STRVO,tr|A0A4U0NBB6|A0A4U0NBB6_9ACTN,tr|A0A5N5W5E9|A0A5N5W5E9_STRMB,tr|A0A6F7WCC1|A0A6F7WCC1_9ACTN,tr|A0A6G2UEJ5|A0A6G2UEJ5_9ACTN,tr|A0A6G2Y649|A0A6G2Y649_9ACTN,tr|A0A6G4AM60|A0A6G4AM60_9ACTN,tr|A0A6G7T1F4|A0A6G7T1F4_9ACTN,tr|A0A6I6FDB6|A0A6I6FDB6_9ACTN,tr|A0A6I6S583|A0A6I6S583_9ACTN,tr|A0A7G7BRD3|A0A7G7BRD3_9ACTN,tr|A0A7H8IRY0|A0A7H8IRY0_9ACTN,tr|A0A7J0C3T3|A0A7J0C3T3_9ACTN,tr|A0A7L5SSC7|A0A7L5SSC7_9ACTN,tr|A0A7M3LYH8|A0A7M3LYH8_9ACTN,tr|A0A7U9KZN3|A0A7U9KZN3_9ACTN,tr|A0A7W2YWA7|A0A7W2YWA7_9ACTN,tr|A0A7W7L7Z3|A0A7W7L7Z3_STRNE,tr|A0A7W7LND7|A0A7W7LND7_9ACTN,tr|A0A7X1IM32|A0A7X1IM32_9ACTN,tr|A0A7X5X2X9|A0A7X5X2X9_STRMQ,tr|M3B085|M3B085_STRMB,UPI0004AB9DA7,UPI0004BF7A16,UPI0004C21FBC,UPI0004C82A89,UPI0004C88515,UPI0005B8B429,UPI0005CAD62E,UPI0006864305,UPI00068D9D5E,UPI0006E330A0,UPI0007675554,UPI00099F22EF,UPI00099FBF64,UPI000A3BF415,UPI0014892378,UPI00158207BC,UPI0015C2F11C,UPI0016652E75,UPI0016709033,UPI001674B52A,UPI00167AF4CE,UPI00167C4DB5,UPI00167DFF93,UPI00168BB9BC,UPI0018DB255D,UPI0018DB5C0F,UPI00191E5043,UPI001A262457,UPI001A8F56A7,UPI001ADD3F0C,UPI001BE4191E,UPI001C8D5772,UPI001CBB0032,UPI001CE23A6A,UPI001D092EA3,UPI001E30A7D7,UPI001E45155A,UPI001F045630,UPI001F0F8B35,UPI001F1B6050,UPI001F3DC4A7,UPI001F3FBD33,UPI001F516AA0,UPI001F5E2815,UPI001FA9B3D8,UPI001FCB47AF,UPI001FCDEA80,UPI001FE7DD00,UPI001FE95567,UPI00200340CA,UPI00200B4844
tr|A0A014LH77|A0A014LH77_9ACTN,0.0,0.091503,0.051195,0.089494,0.094697,0.020243,0.090909,0.072414,0.090566,0.083333,0.083333,0.093985,0.101504,0.097378,0.072414,0.101504,0.098485,0.076087,0.065517,0.087121,0.09434,0.079545,0.090909,0.061433,0.061433,0.012146,0.087591,0.097378,0.05802,0.098485,0.072414,0.102389,0.087121,0.090909,0.079545,0.094697,0.112245,0.098485,0.076087,0.086466,0.083333,0.037037,0.083333,0.098485,0.093633,0.083612,0.097378,0.075758,0.094697,0.105263,0.087121,0.102389,0.015504,0.02834,0.0,0.024291,0.083019,0.020243,0.027132,0.1,0.094697,0.089888,0.09699,0.105263,0.094697,0.083333,0.087121,0.086792,0.087121,0.090909,0.043919,0.065574,0.035461,0.041958,0.03413,0.090909,0.086792,0.008097,0.080321,0.101124,0.090909,0.075472,0.09434,0.008097,0.094697,0.004049,0.065041,0.020243,0.084337,0.081301,0.094697,0.012146,0.024291,0.024291,0.069106,0.052846,0.076613,0.087121
tr|A0A060ZWX9|A0A060ZWX9_9ACTN,0.091503,0.0,0.064846,0.097276,0.098485,0.032389,0.094697,0.065517,0.09434,0.087121,0.087121,0.086466,0.093985,0.089888,0.082759,0.090226,0.098485,0.09058,0.065517,0.090909,0.086792,0.087121,0.083333,0.068259,0.071672,0.016194,0.094891,0.089888,0.071672,0.098485,0.082759,0.068259,0.094697,0.094697,0.079545,0.094697,0.119048,0.098485,0.09058,0.090226,0.090909,0.070707,0.075758,0.087121,0.086142,0.09699,0.089888,0.090909,0.098485,0.097744,0.090909,0.098976,0.027132,0.0,0.02834,0.020243,0.090566,0.024291,0.031008,0.096552,0.087121,0.082397,0.107023,0.097744,0.098485,0.083333,0.090909,0.079245,0.079545,0.079545,0.057432,0.078689,0.053191,0.066434,0.09215,0.094697,0.083019,0.02834,0.072289,0.093633,0.079545,0.090566,0.086792,0.020243,0.098485,0.024291,0.065041,0.016194,0.076305,0.089431,0.098485,0.016194,0.02834,0.02834,0.069106,0.060976,0.084677,0.094697
tr|A0A0A0NG72|A0A0A0NG72_STRRN,0.051195,0.064846,0.0,0.093385,0.098485,0.016194,0.094697,0.058621,0.09434,0.087121,0.087121,0.090226,0.097744,0.093633,0.068966,0.097744,0.094697,0.083333,0.058621,0.090909,0.090566,0.083333,0.087121,0.064846,0.064846,0.008097,0.091241,0.093633,0.061433,0.094697,0.068966,0.027304,0.090909,0.094697,0.075758,0.090909,0.12628,0.094697,0.083333,0.086466,0.087121,0.03413,0.079545,0.094697,0.089888,0.071672,0.093633,0.079545,0.106061,0.101504,0.090909,0.105802,0.011628,0.016194,0.012146,0.020243,0.086792,0.024291,0.031008,0.096552,0.090909,0.086142,0.075085,0.101504,0.098485,0.079545,0.090909,0.083019,0.083333,0.087121,0.03413,0.047782,0.060284,0.041958,0.030717,0.087121,0.090566,0.012146,0.076305,0.097378,0.087121,0.086792,0.090566,0.004049,0.090909,0.008097,0.060976,0.016194,0.080321,0.085366,0.098485,0.0,0.012146,0.020243,0.065041,0.056911,0.080645,0.090909
tr|A0A0D7CQA4|A0A0D7CQA4_9ACTN,0.089494,0.097276,0.093385,0.0,0.093385,0.080972,0.089494,0.093385,0.093385,0.093385,0.097276,0.101167,0.101167,0.089494,0.105058,0.097276,0.108949,0.081712,0.085603,0.105058,0.097276,0.066148,0.089494,0.085603,0.089494,0.08502,0.062257,0.089494,0.085603,0.105058,0.105058,0.093385,0.062257,0.089494,0.062257,0.097276,0.105058,0.105058,0.077821,0.093385,0.07393,0.093385,0.089494,0.105058,0.089494,0.105058,0.089494,0.077821,0.081712,0.097276,0.101167,0.089494,0.085603,0.093117,0.08502,0.089069,0.108949,0.08502,0.081712,0.089494,0.101167,0.085603,0.105058,0.089494,0.105058,0.062257,0.093385,0.101167,0.093385,0.093385,0.089494,0.085603,0.097276,0.097276,0.093385,0.101167,0.101167,0.093117,0.092369,0.085603,0.093385,0.054475,0.101167,0.093117,0.105058,0.089069,0.052846,0.080972,0.092369,0.0,0.093385,0.089069,0.089069,0.101215,0.093496,0.056911,0.076613,0.085603
tr|A0A0L8JDE3|A0A0L8JDE3_STRVR,0.094697,0.098485,0.098485,0.093385,0.0,0.064777,0.083333,0.098485,0.098485,0.07197,0.079545,0.098485,0.106061,0.102273,0.102273,0.102273,0.087121,0.079545,0.094697,0.07197,0.098485,0.087121,0.094697,0.094697,0.094697,0.060729,0.102273,0.098485,0.094697,0.083333,0.102273,0.098485,0.102273,0.079545,0.079545,0.083333,0.109848,0.087121,0.079545,0.094697,0.090909,0.098485,0.087121,0.106061,0.090909,0.102273,0.098485,0.094697,0.090909,0.102273,0.075758,0.090909,0.077519,0.068826,0.064777,0.064777,0.075758,0.060729,0.073643,0.090909,0.098485,0.094697,0.098485,0.109848,0.064394,0.090909,0.083333,0.094697,0.094697,0.098485,0.090909,0.087121,0.102273,0.102273,0.098485,0.079545,0.094697,0.072874,0.080321,0.102273,0.098485,0.094697,0.106061,0.072874,0.106061,0.068826,0.056911,0.05668,0.084337,0.081301,0.087121,0.068826,0.068826,0.072874,0.081301,0.069106,0.076613,0.07197
tr|A0A0X3X3M8|A0A0X3X3M8_STRVO,0.020243,0.032389,0.016194,0.080972,0.064777,0.0,0.080972,0.012146,0.072874,0.068826,0.072874,0.080972,0.089069,0.072874,0.032389,0.089069,0.076923,0.040486,0.0,0.076923,0.076923,0.064777,0.080972,0.0,0.008097,0.016194,0.05668,0.076923,0.0,0.076923,0.032389,0.016194,0.072874,0.080972,0.064777,0.076923,0.064777,0.080972,0.040486,0.080972,0.068826,0.016194,0.072874,0.080972,0.072874,0.036437,0.076923,0.060729,0.08502,0.080972,0.076923,0.02834,0.008097,0.032389,0.020243,0.02834,0.072874,0.032389,0.032389,0.02834,0.080972,0.068826,0.032389,0.08502,0.068826,0.068826,0.076923,0.068826,0.072874,0.076923,0.016194,0.024291,0.020243,0.020243,0.016194,0.068826,0.076923,0.020243,0.072874,0.080972,0.076923,0.068826,0.076923,0.020243,0.080972,0.016194,0.060976,0.024291,0.076923,0.077236,0.076923,0.016194,0.012146,0.036437,0.077236,0.052846,0.076923,0.076923
tr|A0A1A9QL74|A0A1A9QL74_STRA9,0.090909,0.094697,0.094697,0.089494,0.083333,0.080972,0.0,0.094697,0.094697,0.022727,0.022727,0.102273,0.102273,0.083333,0.090909,0.102273,0.102273,0.087121,0.090909,0.026515,0.098485,0.064394,0.090909,0.090909,0.090909,0.076923,0.079545,0.075758,0.090909,0.102273,0.090909,0.094697,0.087121,0.034091,0.090909,0.090909,0.102273,0.094697,0.083333,0.098485,0.079545,0.094697,0.090909,0.090909,0.079545,0.090909,0.075758,0.068182,0.106061,0.102273,0.030303,0.087121,0.089147,0.08502,0.080972,0.072874,0.068182,0.068826,0.073643,0.083333,0.087121,0.079545,0.094697,0.098485,0.060606,0.098485,0.011364,0.090909,0.090909,0.075758,0.087121,0.087121,0.098485,0.098485,0.094697,0.07197,0.098485,0.089069,0.084337,0.068182,0.075758,0.087121,0.094697,0.089069,0.056818,0.08502,0.085366,0.072874,0.080321,0.085366,0.075758,0.08502,0.08502,0.080972,0.073171,0.069106,0.096774,0.05303
tr|A0A1H4LWW2|A0A1H4LWW2_STRMJ,0.072414,0.065517,0.058621,0.093385,0.098485,0.012146,0.094697,0.0,0.09434,0.087121,0.087121,0.097744,0.105263,0.093633,0.068966,0.105263,0.106061,0.086957,0.013793,0.090909,0.090566,0.083333,0.087121,0.031034,0.031034,0.020243,0.087591,0.093633,0.024138,0.106061,0.068966,0.062069,0.090909,0.094697,0.075758,0.102273,0.1,0.106061,0.086957,0.097744,0.087121,0.062069,0.079545,0.094697,0.089888,0.072414,0.093633,0.079545,0.102273,0.101504,0.090909,0.106897,0.015504,0.02834,0.024291,0.032389,0.09434,0.036437,0.042636,0.103448,0.090909,0.086142,0.07931,0.101504,0.098485,0.079545,0.090909,0.083019,0.083333,0.087121,0.058621,0.072414,0.060284,0.062937,0.068966,0.087121,0.098113,0.024291,0.076305,0.097378,0.087121,0.090566,0.090566,0.016194,0.090909,0.020243,0.060976,0.02834,0.080321,0.085366,0.098485,0.012146,0.0,0.032389,0.077236,0.056911,0.084677,0.090909
tr|A0A1H9NHF9|A0A1H9NHF9_9ACTN,0.090566,0.09434,0.09434,0.093385,0.098485,0.072874,0.094697,0.09434,0.0,0.094697,0.090909,0.060377,0.060377,0.071698,0.109434,0.060377,0.117424,0.086792,0.090566,0.094697,0.083019,0.060606,0.07197,0.090566,0.086792,0.076923,0.090566,0.071698,0.090566,0.117424,0.109434,0.09434,0.090909,0.090909,0.07197,0.117424,0.113208,0.117424,0.090566,0.086792,0.064394,0.09434,0.07197,0.07197,0.071698,0.109434,0.071698,0.064394,0.087121,0.075472,0.087121,0.10566,0.089147,0.076923,0.072874,0.080972,0.090566,0.076923,0.093023,0.101887,0.075758,0.071698,0.113208,0.079245,0.098485,0.090909,0.098485,0.079245,0.064394,0.068182,0.09434,0.098113,0.090566,0.098113,0.09434,0.094697,0.026415,0.072874,0.068273,0.067925,0.068182,0.09434,0.079245,0.080972,0.106061,0.076923,0.060976,0.076923,0.068273,0.077236,0.083333,0.076923,0.076923,0.093117,0.097561,0.065041,0.072581,0.087121
tr|A0A1Q5M281|A0A1Q5M281_9ACTN,0.083333,0.087121,0.087121,0.093385,0.07197,0.068826,0.022727,0.087121,0.094697,0.0,0.015152,0.098485,0.098485,0.068182,0.083333,0.098485,0.087121,0.079545,0.083333,0.018939,0.083333,0.064394,0.087121,0.083333,0.083333,0.064777,0.083333,0.083333,0.083333,0.087121,0.083333,0.087121,0.083333,0.026515,0.087121,0.087121,0.098485,0.090909,0.075758,0.087121,0.079545,0.087121,0.079545,0.079545,0.083333,0.083333,0.083333,0.068182,0.098485,0.090909,0.015152,0.075758,0.077519,0.072874,0.068826,0.060729,0.07197,0.05668,0.062016,0.075758,0.075758,0.079545,0.087121,0.102273,0.056818,0.090909,0.018939,0.079545,0.075758,0.075758,0.079545,0.079545,0.090909,0.090909,0.087121,0.068182,0.090909,0.076923,0.084337,0.083333,0.075758,0.090909,0.083333,0.076923,0.068182,0.072874,0.077236,0.060729,0.084337,0.089431,0.079545,0.072874,0.072874,0.068826,0.073171,0.069106,0.08871,0.05303
tr|A0A1X1NL32|A0A1X1NL32_9ACTN,0.083333,0.087121,0.087121,0.097276,0.079545,0.072874,0.022727,0.087121,0.090909,0.015152,0.0,0.090909,0.098485,0.068182,0.083333,0.090909,0.094697,0.079545,0.083333,0.018939,0.083333,0.064394,0.087121,0.083333,0.079545,0.068826,0.083333,0.075758,0.083333,0.094697,0.083333,0.087121,0.090909,0.018939,0.087121,0.094697,0.098485,0.083333,0.075758,0.094697,0.079545,0.087121,0.079545,0.079545,0.075758,0.083333,0.075758,0.068182,0.106061,0.090909,0.015152,0.079545,0.081395,0.076923,0.072874,0.064777,0.07197,0.060729,0.065891,0.075758,0.075758,0.07197,0.087121,0.094697,0.056818,0.094697,0.018939,0.079545,0.075758,0.068182,0.079545,0.079545,0.090909,0.090909,0.087121,0.068182,0.090909,0.080972,0.080321,0.075758,0.068182,0.090909,0.083333,0.080972,0.068182,0.076923,0.081301,0.064777,0.080321,0.093496,0.079545,0.076923,0.076923,0.072874,0.060976,0.073171,0.092742,0.045455
tr|A0A1Z2L8A0|A0A1Z2L8A0_9ACTN,0.093985,0.086466,0.090226,0.101167,0.098485,0.080972,0.102273,0.097744,0.060377,0.098485,0.090909,0.0,0.018797,0.06015,0.101504,0.022556,0.121212,0.101504,0.101504,0.090909,0.064151,0.064394,0.05303,0.101504,0.097744,0.072874,0.093985,0.067669,0.101504,0.121212,0.101504,0.097744,0.102273,0.090909,0.079545,0.109848,0.112782,0.106061,0.097744,0.097744,0.07197,0.097744,0.045455,0.049242,0.06391,0.097744,0.067669,0.075758,0.098485,0.037594,0.094697,0.101504,0.085271,0.064777,0.072874,0.076923,0.086792,0.072874,0.081395,0.097744,0.05303,0.06391,0.105263,0.041353,0.109848,0.094697,0.102273,0.05283,0.049242,0.049242,0.093985,0.097744,0.101504,0.093985,0.097744,0.094697,0.05283,0.080972,0.060241,0.071429,0.049242,0.083019,0.056604,0.072874,0.109848,0.076923,0.069106,0.072874,0.064257,0.093496,0.087121,0.068826,0.076923,0.076923,0.085366,0.073171,0.072581,0.090909
tr|A0A2A2CYM5|A0A2A2CYM5_9ACTN,0.101504,0.093985,0.097744,0.101167,0.106061,0.089069,0.102273,0.105263,0.060377,0.098485,0.098485,0.018797,0.0,0.06015,0.105263,0.022556,0.128788,0.109023,0.109023,0.090909,0.064151,0.07197,0.045455,0.109023,0.105263,0.080972,0.109023,0.075188,0.109023,0.128788,0.105263,0.105263,0.109848,0.098485,0.087121,0.117424,0.120301,0.113636,0.105263,0.097744,0.07197,0.105263,0.045455,0.049242,0.071429,0.109023,0.075188,0.083333,0.098485,0.037594,0.094697,0.109023,0.093023,0.072874,0.080972,0.08502,0.09434,0.080972,0.089147,0.105263,0.05303,0.071429,0.109023,0.048872,0.117424,0.098485,0.109848,0.05283,0.049242,0.056818,0.101504,0.105263,0.109023,0.101504,0.105263,0.102273,0.056604,0.089069,0.068273,0.071429,0.056818,0.098113,0.056604,0.080972,0.117424,0.08502,0.077236,0.080972,0.072289,0.093496,0.094697,0.076923,0.08502,0.089069,0.093496,0.089431,0.08871,0.098485
tr|A0A2G1XQJ7|A0A2G1XQJ7_STRCJ,0.097378,0.089888,0.093633,0.089494,0.102273,0.072874,0.083333,0.093633,0.071698,0.068182,0.068182,0.06015,0.06015,0.0,0.104869,0.06391,0.098485,0.089888,0.097378,0.079545,0.026415,0.05303,0.041667,0.097378,0.093633,0.072874,0.093633,0.05618,0.097378,0.098485,0.104869,0.101124,0.087121,0.068182,0.068182,0.090909,0.116105,0.087121,0.089888,0.090226,0.064394,0.101124,0.034091,0.026515,0.05618,0.104869,0.05618,0.060606,0.087121,0.052632,0.075758,0.108614,0.085271,0.064777,0.072874,0.076923,0.098113,0.072874,0.085271,0.104869,0.018939,0.052434,0.108614,0.06015,0.098485,0.07197,0.079545,0.022642,0.015152,0.018939,0.097378,0.097378,0.104869,0.097378,0.101124,0.079545,0.071698,0.080972,0.052209,0.059925,0.018939,0.079245,0.022642,0.072874,0.102273,0.076923,0.056911,0.068826,0.052209,0.077236,0.079545,0.068826,0.068826,0.080972,0.069106,0.065041,0.084677,0.07197
tr|A0A2K8RCA0|A0A2K8RCA0_9ACTN,0.072414,0.082759,0.068966,0.105058,0.102273,0.032389,0.090909,0.068966,0.109434,0.083333,0.083333,0.101504,0.105263,0.104869,0.0,0.109023,0.098485,0.094203,0.072414,0.087121,0.101887,0.094697,0.098485,0.07931,0.07931,0.020243,0.109489,0.104869,0.07931,0.098485,0.0,0.068966,0.102273,0.090909,0.087121,0.094697,0.12069,0.098485,0.094203,0.090226,0.098485,0.068966,0.090909,0.106061,0.101124,0.044828,0.104869,0.090909,0.109848,0.112782,0.087121,0.1,0.027132,0.02834,0.020243,0.024291,0.098113,0.02834,0.034884,0.096552,0.102273,0.097378,0.031034,0.112782,0.102273,0.090909,0.087121,0.09434,0.094697,0.098485,0.068966,0.089655,0.06383,0.062937,0.075862,0.090909,0.101887,0.020243,0.088353,0.108614,0.098485,0.090566,0.101887,0.012146,0.098485,0.016194,0.073171,0.02834,0.092369,0.097561,0.109848,0.016194,0.02834,0.008097,0.069106,0.069106,0.092742,0.102273
tr|A0A2N8P1W2|A0A2N8P1W2_STREU,0.101504,0.090226,0.097744,0.097276,0.102273,0.089069,0.102273,0.105263,0.060377,0.098485,0.090909,0.022556,0.022556,0.06391,0.109023,0.0,0.125,0.109023,0.109023,0.090909,0.071698,0.064394,0.060606,0.109023,0.105263,0.076923,0.097744,0.075188,0.109023,0.125,0.109023,0.105263,0.098485,0.090909,0.075758,0.113636,0.120301,0.109848,0.105263,0.093985,0.056818,0.105263,0.05303,0.049242,0.075188,0.109023,0.075188,0.075758,0.087121,0.045113,0.094697,0.105263,0.093023,0.068826,0.080972,0.080972,0.090566,0.076923,0.085271,0.101504,0.056818,0.075188,0.112782,0.048872,0.109848,0.090909,0.102273,0.060377,0.056818,0.049242,0.097744,0.101504,0.109023,0.101504,0.105263,0.098485,0.049057,0.089069,0.072289,0.078947,0.049242,0.086792,0.064151,0.080972,0.109848,0.08502,0.065041,0.076923,0.072289,0.089431,0.083333,0.076923,0.08502,0.089069,0.089431,0.077236,0.076613,0.094697
tr|A0A2P8BKX4|A0A2P8BKX4_9ACTN,0.098485,0.098485,0.094697,0.108949,0.087121,0.076923,0.102273,0.106061,0.117424,0.087121,0.094697,0.121212,0.128788,0.098485,0.098485,0.125,0.0,0.094697,0.106061,0.106061,0.109848,0.102273,0.117424,0.106061,0.109848,0.068826,0.117424,0.102273,0.106061,0.003788,0.098485,0.102273,0.106061,0.098485,0.090909,0.060606,0.113636,0.064394,0.098485,0.109848,0.109848,0.102273,0.109848,0.113636,0.106061,0.098485,0.102273,0.106061,0.117424,0.121212,0.102273,0.090909,0.089147,0.068826,0.068826,0.064777,0.109848,0.060729,0.077519,0.090909,0.106061,0.102273,0.094697,0.117424,0.106061,0.102273,0.098485,0.109848,0.102273,0.106061,0.098485,0.094697,0.106061,0.098485,0.102273,0.090909,0.113636,0.076923,0.088353,0.106061,0.106061,0.106061,0.117424,0.068826,0.113636,0.072874,0.065041,0.064777,0.088353,0.089431,0.102273,0.064777,0.076923,0.068826,0.04878,0.081301,0.092742,0.094697
tr|A0A3M8TNV9|A0A3M8TNV9_9ACTN,0.076087,0.09058,0.083333,0.081712,0.079545,0.040486,0.087121,0.086957,0.086792,0.079545,0.079545,0.101504,0.109023,0.089888,0.094203,0.109023,0.094697,0.0,0.083333,0.083333,0.086792,0.075758,0.079545,0.083333,0.083333,0.040486,0.109489,0.097378,0.083333,0.094697,0.094203,0.07971,0.083333,0.087121,0.079545,0.102273,0.108696,0.106061,0.01087,0.093985,0.075758,0.083333,0.07197,0.098485,0.093633,0.09058,0.097378,0.079545,0.106061,0.097744,0.083333,0.09058,0.046512,0.048583,0.036437,0.044534,0.090566,0.040486,0.046512,0.086957,0.087121,0.089888,0.097826,0.097744,0.083333,0.087121,0.083333,0.079245,0.075758,0.087121,0.083333,0.07971,0.07971,0.09058,0.07971,0.090909,0.090566,0.044534,0.076305,0.101124,0.087121,0.083019,0.090566,0.044534,0.098485,0.040486,0.065041,0.036437,0.080321,0.073171,0.083333,0.040486,0.044534,0.05668,0.077236,0.060976,0.072581,0.079545
tr|A0A3R9VXM4|A0A3R9VXM4_9ACTN,0.065517,0.065517,0.058621,0.085603,0.094697,0.0,0.090909,0.013793,0.090566,0.083333,0.083333,0.101504,0.109023,0.097378,0.072414,0.109023,0.106061,0.083333,0.0,0.087121,0.09434,0.079545,0.090909,0.017241,0.024138,0.016194,0.083942,0.097378,0.010345,0.106061,0.072414,0.055172,0.083333,0.090909,0.075758,0.102273,0.096552,0.106061,0.083333,0.097744,0.083333,0.055172,0.083333,0.094697,0.093633,0.075862,0.097378,0.075758,0.098485,0.101504,0.087121,0.103448,0.011628,0.032389,0.020243,0.02834,0.090566,0.032389,0.03876,0.1,0.094697,0.089888,0.082759,0.101504,0.094697,0.079545,0.087121,0.086792,0.087121,0.090909,0.051724,0.065517,0.056738,0.062937,0.062069,0.087121,0.09434,0.020243,0.080321,0.101124,0.090909,0.083019,0.09434,0.020243,0.087121,0.016194,0.060976,0.024291,0.084337,0.077236,0.090909,0.016194,0.012146,0.036437,0.077236,0.052846,0.080645,0.087121
tr|A0A3R9Y3H9|A0A3R9Y3H9_9ACTN,0.087121,0.090909,0.090909,0.105058,0.07197,0.076923,0.026515,0.090909,0.094697,0.018939,0.018939,0.090909,0.090909,0.079545,0.087121,0.090909,0.106061,0.083333,0.087121,0.0,0.090909,0.068182,0.087121,0.087121,0.087121,0.072874,0.087121,0.083333,0.087121,0.106061,0.087121,0.090909,0.094697,0.037879,0.083333,0.094697,0.094697,0.090909,0.079545,0.083333,0.075758,0.090909,0.079545,0.087121,0.087121,0.087121,0.083333,0.07197,0.102273,0.090909,0.007576,0.083333,0.085271,0.080972,0.076923,0.068826,0.060606,0.064777,0.069767,0.079545,0.083333,0.087121,0.090909,0.102273,0.060606,0.094697,0.030303,0.079545,0.083333,0.079545,0.083333,0.083333,0.094697,0.094697,0.090909,0.079545,0.087121,0.08502,0.092369,0.083333,0.079545,0.090909,0.087121,0.08502,0.064394,0.080972,0.077236,0.068826,0.088353,0.101626,0.075758,0.080972,0.080972,0.076923,0.069106,0.077236,0.08871,0.045455
tr|A0A3S9PFS5|A0A3S9PFS5_STRLT,0.09434,0.086792,0.090566,0.097276,0.098485,0.076923,0.098485,0.090566,0.083019,0.083333,0.083333,0.064151,0.064151,0.026415,0.101887,0.071698,0.109848,0.086792,0.09434,0.090909,0.0,0.068182,0.05303,0.09434,0.090566,0.076923,0.09434,0.056604,0.09434,0.106061,0.101887,0.098113,0.102273,0.075758,0.075758,0.109848,0.113208,0.106061,0.086792,0.101887,0.075758,0.098113,0.045455,0.037879,0.05283,0.101887,0.056604,0.07197,0.098485,0.056604,0.087121,0.10566,0.089147,0.068826,0.076923,0.080972,0.101887,0.076923,0.089147,0.101887,0.022727,0.049057,0.10566,0.064151,0.102273,0.079545,0.094697,0.015094,0.015152,0.037879,0.09434,0.09434,0.101887,0.09434,0.098113,0.087121,0.083019,0.08502,0.056225,0.060377,0.037879,0.086792,0.018868,0.076923,0.113636,0.080972,0.065041,0.072874,0.060241,0.085366,0.087121,0.072874,0.072874,0.08502,0.089431,0.073171,0.100806,0.083333
tr|A0A401WAW0|A0A401WAW0_STREY,0.079545,0.087121,0.083333,0.066148,0.087121,0.064777,0.064394,0.083333,0.060606,0.064394,0.064394,0.064394,0.07197,0.05303,0.094697,0.064394,0.102273,0.075758,0.079545,0.068182,0.068182,0.0,0.07197,0.079545,0.079545,0.064777,0.060606,0.068182,0.079545,0.102273,0.094697,0.083333,0.056818,0.064394,0.056818,0.087121,0.087121,0.090909,0.07197,0.075758,0.018939,0.083333,0.064394,0.068182,0.068182,0.094697,0.068182,0.015152,0.083333,0.07197,0.064394,0.087121,0.077519,0.072874,0.064777,0.068826,0.075758,0.064777,0.073643,0.083333,0.060606,0.064394,0.098485,0.064394,0.090909,0.07197,0.060606,0.064394,0.056818,0.056818,0.079545,0.079545,0.087121,0.087121,0.083333,0.075758,0.060606,0.072874,0.068273,0.07197,0.056818,0.056818,0.064394,0.072874,0.07197,0.068826,0.044715,0.060729,0.068273,0.056911,0.056818,0.068826,0.068826,0.080972,0.069106,0.044715,0.064516,0.05303
tr|A0A445N742|A0A445N742_STRNE,0.090909,0.083333,0.087121,0.089494,0.094697,0.080972,0.090909,0.087121,0.07197,0.087121,0.087121,0.05303,0.045455,0.041667,0.098485,0.060606,0.117424,0.079545,0.090909,0.087121,0.05303,0.07197,0.0,0.090909,0.087121,0.080972,0.090909,0.056818,0.090909,0.117424,0.098485,0.094697,0.090909,0.087121,0.07197,0.102273,0.109848,0.098485,0.083333,0.087121,0.07197,0.094697,0.011364,0.049242,0.05303,0.098485,0.056818,0.075758,0.098485,0.041667,0.090909,0.102273,0.089147,0.072874,0.080972,0.08502,0.087121,0.080972,0.089147,0.098485,0.045455,0.05303,0.102273,0.05303,0.098485,0.075758,0.098485,0.041667,0.041667,0.05303,0.090909,0.090909,0.098485,0.090909,0.094697,0.098485,0.075758,0.089069,0.056225,0.05303,0.05303,0.079545,0.045455,0.080972,0.113636,0.08502,0.069106,0.076923,0.060241,0.081301,0.094697,0.076923,0.076923,0.089069,0.085366,0.077236,0.092742,0.087121
tr|A0A499UQM7|A0A499UQM7_9ACTN,0.061433,0.068259,0.064846,0.085603,0.094697,0.0,0.090909,0.031034,0.090566,0.083333,0.083333,0.101504,0.109023,0.097378,0.07931,0.109023,0.106061,0.083333,0.017241,0.087121,0.09434,0.079545,0.090909,0.0,0.006826,0.016194,0.087591,0.097378,0.006826,0.106061,0.07931,0.061433,0.083333,0.090909,0.075758,0.102273,0.105802,0.106061,0.083333,0.097744,0.083333,0.064846,0.083333,0.094697,0.093633,0.078498,0.097378,0.075758,0.098485,0.101504,0.087121,0.102389,0.011628,0.032389,0.020243,0.02834,0.090566,0.032389,0.03876,0.1,0.094697,0.089888,0.095563,0.101504,0.094697,0.079545,0.087121,0.086792,0.087121,0.090909,0.054608,0.071672,0.049645,0.066434,0.068259,0.087121,0.09434,0.020243,0.080321,0.101124,0.090909,0.083019,0.09434,0.020243,0.087121,0.016194,0.060976,0.024291,0.084337,0.077236,0.090909,0.016194,0.012146,0.036437,0.077236,0.052846,0.080645,0.087121
tr|A0A4D4K635|A0A4D4K635_9ACTN,0.061433,0.071672,0.064846,0.089494,0.094697,0.008097,0.090909,0.031034,0.086792,0.083333,0.079545,0.097744,0.105263,0.093633,0.07931,0.105263,0.109848,0.083333,0.024138,0.087121,0.090566,0.079545,0.087121,0.006826,0.0,0.016194,0.087591,0.093633,0.013652,0.109848,0.07931,0.061433,0.087121,0.087121,0.079545,0.106061,0.105802,0.106061,0.083333,0.097744,0.083333,0.064846,0.079545,0.094697,0.089888,0.078498,0.093633,0.075758,0.098485,0.101504,0.087121,0.102389,0.011628,0.032389,0.020243,0.02834,0.090566,0.032389,0.03876,0.1,0.090909,0.086142,0.095563,0.101504,0.094697,0.083333,0.087121,0.083019,0.083333,0.087121,0.054608,0.071672,0.049645,0.066434,0.068259,0.090909,0.090566,0.020243,0.076305,0.097378,0.087121,0.086792,0.090566,0.020243,0.087121,0.016194,0.065041,0.024291,0.080321,0.081301,0.094697,0.016194,0.012146,0.036437,0.077236,0.052846,0.080645,0.087121
tr|A0A4D4L2H2|A0A4D4L2H2_STRVO,0.012146,0.016194,0.008097,0.08502,0.060729,0.016194,0.076923,0.020243,0.076923,0.064777,0.068826,0.072874,0.080972,0.072874,0.020243,0.076923,0.068826,0.040486,0.016194,0.072874,0.076923,0.064777,0.080972,0.016194,0.016194,0.0,0.05668,0.076923,0.016194,0.068826,0.020243,0.008097,0.076923,0.076923,0.068826,0.068826,0.05668,0.072874,0.040486,0.068826,0.068826,0.008097,0.072874,0.080972,0.072874,0.024291,0.076923,0.060729,0.08502,0.08502,0.072874,0.012146,0.008097,0.016194,0.012146,0.012146,0.060729,0.016194,0.016194,0.012146,0.080972,0.068826,0.020243,0.089069,0.064777,0.072874,0.072874,0.068826,0.072874,0.072874,0.0,0.008097,0.012146,0.012146,0.008097,0.068826,0.064777,0.012146,0.072874,0.080972,0.072874,0.068826,0.076923,0.012146,0.08502,0.008097,0.065041,0.008097,0.076923,0.081301,0.076923,0.008097,0.020243,0.024291,0.069106,0.052846,0.072874,0.076923
tr|A0A4U0NBB6|A0A4U0NBB6_9ACTN,0.087591,0.094891,0.091241,0.062257,0.102273,0.05668,0.079545,0.087591,0.090566,0.083333,0.083333,0.093985,0.109023,0.093633,0.109489,0.097744,0.117424,0.109489,0.083942,0.087121,0.09434,0.060606,0.090909,0.087591,0.087591,0.05668,0.0,0.086142,0.083942,0.117424,0.109489,0.091241,0.060606,0.083333,0.05303,0.102273,0.105839,0.106061,0.105839,0.082707,0.068182,0.091241,0.083333,0.090909,0.086142,0.109489,0.086142,0.068182,0.087121,0.097744,0.083333,0.10219,0.065891,0.064777,0.05668,0.060729,0.09434,0.05668,0.062016,0.09854,0.087121,0.089888,0.109489,0.097744,0.094697,0.056818,0.079545,0.086792,0.083333,0.083333,0.087591,0.094891,0.094891,0.094891,0.094891,0.098485,0.09434,0.064777,0.072289,0.089888,0.083333,0.05283,0.090566,0.064777,0.083333,0.060729,0.036585,0.052632,0.072289,0.056911,0.079545,0.060729,0.060729,0.072874,0.077236,0.0,0.048387,0.083333
tr|A0A5N5W5E9|A0A5N5W5E9_STRMB,0.097378,0.089888,0.093633,0.089494,0.098485,0.076923,0.075758,0.093633,0.071698,0.083333,0.075758,0.067669,0.075188,0.05618,0.104869,0.075188,0.102273,0.097378,0.097378,0.083333,0.056604,0.068182,0.056818,0.097378,0.093633,0.076923,0.086142,0.0,0.097378,0.106061,0.104869,0.101124,0.083333,0.07197,0.060606,0.094697,0.116105,0.090909,0.097378,0.093985,0.075758,0.101124,0.049242,0.049242,0.011236,0.104869,0.0,0.07197,0.090909,0.075188,0.083333,0.108614,0.085271,0.068826,0.076923,0.080972,0.09434,0.076923,0.085271,0.104869,0.045455,0.018727,0.108614,0.075188,0.094697,0.068182,0.079545,0.05283,0.045455,0.045455,0.097378,0.093633,0.104869,0.097378,0.101124,0.087121,0.079245,0.08502,0.008032,0.011236,0.045455,0.079245,0.05283,0.076923,0.090909,0.080972,0.052846,0.068826,0.0,0.081301,0.087121,0.072874,0.072874,0.08502,0.073171,0.060976,0.08871,0.075758
tr|A0A6F7WCC1|A0A6F7WCC1_9ACTN,0.05802,0.071672,0.061433,0.085603,0.094697,0.0,0.090909,0.024138,0.090566,0.083333,0.083333,0.101504,0.109023,0.097378,0.07931,0.109023,0.106061,0.083333,0.010345,0.087121,0.09434,0.079545,0.090909,0.006826,0.013652,0.016194,0.083942,0.097378,0.0,0.106061,0.07931,0.05802,0.083333,0.090909,0.075758,0.102273,0.098976,0.106061,0.083333,0.097744,0.083333,0.061433,0.083333,0.094697,0.093633,0.078498,0.097378,0.075758,0.098485,0.101504,0.087121,0.102389,0.011628,0.032389,0.020243,0.02834,0.090566,0.032389,0.03876,0.1,0.094697,0.089888,0.095563,0.101504,0.094697,0.079545,0.087121,0.086792,0.087121,0.090909,0.051195,0.068259,0.049645,0.062937,0.064846,0.087121,0.09434,0.020243,0.080321,0.101124,0.090909,0.083019,0.09434,0.020243,0.087121,0.016194,0.060976,0.024291,0.084337,0.077236,0.090909,0.016194,0.012146,0.036437,0.077236,0.052846,0.080645,0.087121
tr|A0A6G2UEJ5|A0A6G2UEJ5_9ACTN,0.098485,0.098485,0.094697,0.105058,0.083333,0.076923,0.102273,0.106061,0.117424,0.087121,0.094697,0.121212,0.128788,0.098485,0.098485,0.125,0.003788,0.094697,0.106061,0.106061,0.106061,0.102273,0.117424,0.106061,0.109848,0.068826,0.117424,0.106061,0.106061,0.0,0.098485,0.102273,0.106061,0.094697,0.087121,0.060606,0.113636,0.064394,0.098485,0.109848,0.109848,0.102273,0.109848,0.113636,0.109848,0.098485,0.106061,0.106061,0.113636,0.121212,0.102273,0.090909,0.089147,0.068826,0.068826,0.064777,0.109848,0.060729,0.077519,0.090909,0.106061,0.102273,0.094697,0.117424,0.106061,0.098485,0.098485,0.109848,0.102273,0.106061,0.098485,0.094697,0.106061,0.098485,0.102273,0.090909,0.113636,0.076923,0.092369,0.109848,0.106061,0.102273,0.117424,0.068826,0.113636,0.072874,0.060976,0.064777,0.092369,0.085366,0.102273,0.064777,0.076923,0.068826,0.04878,0.081301,0.092742,0.090909
tr|A0A6G2Y649|A0A6G2Y649_9ACTN,0.072414,0.082759,0.068966,0.105058,0.102273,0.032389,0.090909,0.068966,0.109434,0.083333,0.083333,0.101504,0.105263,0.104869,0.0,0.109023,0.098485,0.094203,0.072414,0.087121,0.101887,0.094697,0.098485,0.07931,0.07931,0.020243,0.109489,0.104869,0.07931,0.098485,0.0,0.068966,0.102273,0.090909,0.087121,0.094697,0.12069,0.098485,0.094203,0.090226,0.098485,0.068966,0.090909,0.106061,0.101124,0.044828,0.104869,0.090909,0.109848,0.112782,0.087121,0.1,0.027132,0.02834,0.020243,0.024291,0.098113,0.02834,0.034884,0.096552,0.102273,0.097378,0.031034,0.112782,0.102273,0.090909,0.087121,0.09434,0.094697,0.098485,0.068966,0.089655,0.06383,0.062937,0.075862,0.090909,0.101887,0.020243,0.088353,0.108614,0.098485,0.090566,0.101887,0.012146,0.098485,0.016194,0.073171,0.02834,0.092369,0.097561,0.109848,0.016194,0.02834,0.008097,0.069106,0.069106,0.092742,0.102273
tr|A0A6G4AM60|A0A6G4AM60_9ACTN,0.102389,0.068259,0.027304,0.093385,0.098485,0.016194,0.094697,0.062069,0.09434,0.087121,0.087121,0.097744,0.105263,0.101124,0.068966,0.105263,0.102273,0.07971,0.055172,0.090909,0.098113,0.083333,0.094697,0.061433,0.061433,0.008097,0.091241,0.101124,0.05802,0.102273,0.068966,0.0,0.090909,0.094697,0.083333,0.098485,0.116041,0.102273,0.07971,0.090226,0.087121,0.020478,0.087121,0.102273,0.097378,0.068259,0.101124,0.079545,0.098485,0.109023,0.090909,0.102389,0.011628,0.024291,0.004049,0.020243,0.086792,0.024291,0.031008,0.093103,0.098485,0.093633,0.075085,0.109023,0.098485,0.087121,0.090909,0.090566,0.090909,0.094697,0.027304,0.047782,0.042553,0.041958,0.010239,0.094697,0.090566,0.004049,0.084337,0.104869,0.094697,0.079245,0.098113,0.004049,0.090909,0.0,0.069106,0.016194,0.088353,0.085366,0.098485,0.008097,0.020243,0.020243,0.073171,0.056911,0.080645,0.090909
tr|A0A6G7T1F4|A0A6G7T1F4_9ACTN,0.087121,0.094697,0.090909,0.062257,0.102273,0.072874,0.087121,0.090909,0.090909,0.083333,0.090909,0.102273,0.109848,0.087121,0.102273,0.098485,0.106061,0.083333,0.083333,0.094697,0.102273,0.056818,0.090909,0.083333,0.087121,0.076923,0.060606,0.083333,0.083333,0.106061,0.102273,0.090909,0.0,0.090909,0.060606,0.087121,0.109848,0.090909,0.079545,0.075758,0.064394,0.090909,0.083333,0.094697,0.083333,0.102273,0.083333,0.068182,0.083333,0.094697,0.090909,0.090909,0.085271,0.08502,0.076923,0.080972,0.102273,0.076923,0.081395,0.090909,0.094697,0.087121,0.106061,0.087121,0.106061,0.064394,0.087121,0.094697,0.087121,0.090909,0.087121,0.087121,0.094697,0.094697,0.090909,0.098485,0.094697,0.08502,0.084337,0.087121,0.090909,0.05303,0.094697,0.08502,0.094697,0.080972,0.04878,0.072874,0.084337,0.056911,0.083333,0.080972,0.080972,0.093117,0.073171,0.044715,0.064516,0.079545
tr|A0A6I6FDB6|A0A6I6FDB6_9ACTN,0.090909,0.094697,0.094697,0.089494,0.079545,0.080972,0.034091,0.094697,0.090909,0.026515,0.018939,0.090909,0.098485,0.068182,0.090909,0.090909,0.098485,0.087121,0.090909,0.037879,0.075758,0.064394,0.087121,0.090909,0.087121,0.076923,0.083333,0.07197,0.090909,0.094697,0.090909,0.094697,0.090909,0.0,0.079545,0.102273,0.106061,0.098485,0.083333,0.094697,0.079545,0.094697,0.079545,0.079545,0.07197,0.090909,0.07197,0.068182,0.098485,0.090909,0.034091,0.087121,0.089147,0.08502,0.080972,0.072874,0.07197,0.068826,0.073643,0.083333,0.075758,0.068182,0.094697,0.090909,0.060606,0.087121,0.022727,0.079545,0.075758,0.068182,0.087121,0.087121,0.098485,0.098485,0.094697,0.07197,0.090909,0.089069,0.076305,0.07197,0.068182,0.083333,0.083333,0.089069,0.068182,0.08502,0.073171,0.072874,0.076305,0.085366,0.083333,0.08502,0.08502,0.080972,0.077236,0.073171,0.092742,0.056818
tr|A0A6I6S583|A0A6I6S583_9ACTN,0.079545,0.079545,0.075758,0.062257,0.079545,0.064777,0.090909,0.075758,0.07197,0.087121,0.087121,0.079545,0.087121,0.068182,0.087121,0.075758,0.090909,0.079545,0.075758,0.083333,0.075758,0.056818,0.07197,0.075758,0.079545,0.068826,0.05303,0.060606,0.075758,0.087121,0.087121,0.083333,0.060606,0.079545,0.0,0.087121,0.094697,0.090909,0.083333,0.056818,0.056818,0.083333,0.064394,0.079545,0.056818,0.087121,0.060606,0.060606,0.07197,0.083333,0.079545,0.090909,0.077519,0.068826,0.068826,0.072874,0.083333,0.068826,0.077519,0.087121,0.075758,0.064394,0.090909,0.083333,0.090909,0.022727,0.090909,0.075758,0.068182,0.07197,0.079545,0.079545,0.087121,0.079545,0.083333,0.087121,0.079545,0.076923,0.064257,0.064394,0.07197,0.049242,0.075758,0.068826,0.079545,0.072874,0.0,0.064777,0.064257,0.052846,0.068182,0.064777,0.064777,0.076923,0.069106,0.036585,0.052419,0.064394
tr|A0A7G7BRD3|A0A7G7BRD3_9ACTN,0.094697,0.094697,0.090909,0.097276,0.083333,0.076923,0.090909,0.102273,0.117424,0.087121,0.094697,0.109848,0.117424,0.090909,0.094697,0.113636,0.060606,0.102273,0.102273,0.094697,0.109848,0.087121,0.102273,0.102273,0.106061,0.068826,0.102273,0.094697,0.102273,0.060606,0.094697,0.098485,0.087121,0.102273,0.087121,0.0,0.113636,0.011364,0.102273,0.102273,0.094697,0.098485,0.094697,0.102273,0.098485,0.094697,0.094697,0.094697,0.094697,0.106061,0.098485,0.087121,0.085271,0.068826,0.068826,0.064777,0.090909,0.060729,0.073643,0.087121,0.102273,0.098485,0.090909,0.106061,0.102273,0.094697,0.094697,0.102273,0.098485,0.090909,0.094697,0.090909,0.102273,0.094697,0.098485,0.090909,0.106061,0.076923,0.092369,0.098485,0.090909,0.090909,0.102273,0.068826,0.098485,0.072874,0.065041,0.064777,0.088353,0.085366,0.102273,0.064777,0.076923,0.068826,0.012195,0.073171,0.084677,0.090909
tr|A0A7H8IRY0|A0A7H8IRY0_9ACTN,0.112245,0.119048,0.12628,0.105058,0.109848,0.064777,0.102273,0.1,0.113208,0.098485,0.098485,0.112782,0.120301,0.116105,0.12069,0.120301,0.113636,0.108696,0.096552,0.094697,0.113208,0.087121,0.109848,0.105802,0.105802,0.05668,0.105839,0.116105,0.098976,0.113636,0.12069,0.116041,0.109848,0.106061,0.094697,0.113636,0.0,0.117424,0.108696,0.112782,0.090909,0.119048,0.102273,0.121212,0.11236,0.119048,0.116105,0.083333,0.121212,0.12782,0.094697,0.12628,0.05814,0.072874,0.05668,0.052632,0.09434,0.048583,0.054264,0.12069,0.113636,0.108614,0.136054,0.120301,0.113636,0.106061,0.098485,0.10566,0.106061,0.113636,0.108844,0.112245,0.099291,0.118881,0.119454,0.106061,0.101887,0.064777,0.100402,0.11985,0.113636,0.109434,0.113208,0.064777,0.109848,0.060729,0.081301,0.060729,0.104418,0.097561,0.094697,0.060729,0.068826,0.068826,0.089431,0.077236,0.096774,0.090909
tr|A0A7J0C3T3|A0A7J0C3T3_9ACTN,0.098485,0.098485,0.094697,0.105058,0.087121,0.080972,0.094697,0.106061,0.117424,0.090909,0.083333,0.106061,0.113636,0.087121,0.098485,0.109848,0.064394,0.106061,0.106061,0.090909,0.106061,0.090909,0.098485,0.106061,0.106061,0.072874,0.106061,0.090909,0.106061,0.064394,0.098485,0.102273,0.090909,0.098485,0.090909,0.011364,0.117424,0.0,0.106061,0.106061,0.098485,0.102273,0.090909,0.098485,0.094697,0.098485,0.090909,0.098485,0.102273,0.102273,0.094697,0.090909,0.089147,0.072874,0.072874,0.068826,0.094697,0.064777,0.077519,0.090909,0.098485,0.094697,0.094697,0.102273,0.106061,0.098485,0.098485,0.098485,0.094697,0.087121,0.098485,0.094697,0.106061,0.098485,0.102273,0.094697,0.106061,0.080972,0.088353,0.094697,0.087121,0.094697,0.098485,0.072874,0.102273,0.076923,0.069106,0.068826,0.084337,0.093496,0.106061,0.068826,0.080972,0.072874,0.0,0.077236,0.08871,0.087121
tr|A0A7L5SSC7|A0A7L5SSC7_9ACTN,0.076087,0.09058,0.083333,0.077821,0.079545,0.040486,0.083333,0.086957,0.090566,0.075758,0.075758,0.097744,0.105263,0.089888,0.094203,0.105263,0.098485,0.01087,0.083333,0.079545,0.086792,0.07197,0.083333,0.083333,0.083333,0.040486,0.105839,0.097378,0.083333,0.098485,0.094203,0.07971,0.079545,0.083333,0.083333,0.102273,0.108696,0.106061,0.0,0.097744,0.079545,0.083333,0.075758,0.098485,0.093633,0.09058,0.097378,0.083333,0.106061,0.093985,0.079545,0.086957,0.046512,0.048583,0.036437,0.044534,0.09434,0.040486,0.042636,0.083333,0.087121,0.089888,0.097826,0.093985,0.087121,0.087121,0.079545,0.079245,0.075758,0.087121,0.083333,0.07971,0.07971,0.09058,0.07971,0.087121,0.09434,0.044534,0.076305,0.101124,0.087121,0.079245,0.090566,0.044534,0.094697,0.040486,0.065041,0.036437,0.080321,0.073171,0.083333,0.040486,0.044534,0.05668,0.077236,0.060976,0.072581,0.079545
tr|A0A7M3LYH8|A0A7M3LYH8_9ACTN,0.086466,0.090226,0.086466,0.093385,0.094697,0.080972,0.098485,0.097744,0.086792,0.087121,0.094697,0.097744,0.097744,0.090226,0.090226,0.093985,0.109848,0.093985,0.097744,0.083333,0.101887,0.075758,0.087121,0.097744,0.097744,0.068826,0.082707,0.093985,0.097744,0.109848,0.090226,0.090226,0.075758,0.094697,0.056818,0.102273,0.112782,0.106061,0.097744,0.0,0.075758,0.090226,0.079545,0.094697,0.093985,0.090226,0.093985,0.079545,0.098485,0.105263,0.079545,0.097744,0.081395,0.072874,0.068826,0.072874,0.09434,0.068826,0.077519,0.093985,0.090909,0.097744,0.093985,0.116541,0.094697,0.068182,0.098485,0.09434,0.083333,0.090909,0.086466,0.086466,0.093985,0.090226,0.090226,0.106061,0.083019,0.076923,0.088353,0.097744,0.090909,0.083019,0.09434,0.072874,0.098485,0.072874,0.04878,0.064777,0.088353,0.085366,0.090909,0.068826,0.080972,0.072874,0.081301,0.056911,0.064516,0.079545
tr|A0A7U9KZN3|A0A7U9KZN3_9ACTN,0.083333,0.090909,0.087121,0.07393,0.090909,0.068826,0.079545,0.087121,0.064394,0.079545,0.079545,0.07197,0.07197,0.064394,0.098485,0.056818,0.109848,0.075758,0.083333,0.075758,0.075758,0.018939,0.07197,0.083333,0.083333,0.068826,0.068182,0.075758,0.083333,0.109848,0.098485,0.087121,0.064394,0.079545,0.056818,0.094697,0.090909,0.098485,0.079545,0.075758,0.0,0.087121,0.064394,0.079545,0.075758,0.098485,0.075758,0.018939,0.079545,0.079545,0.075758,0.094697,0.081395,0.076923,0.068826,0.072874,0.075758,0.068826,0.081395,0.090909,0.07197,0.07197,0.102273,0.07197,0.090909,0.075758,0.075758,0.068182,0.064394,0.068182,0.083333,0.083333,0.090909,0.090909,0.087121,0.090909,0.060606,0.076923,0.076305,0.079545,0.068182,0.060606,0.07197,0.076923,0.087121,0.072874,0.04878,0.064777,0.076305,0.060976,0.060606,0.072874,0.072874,0.08502,0.077236,0.04878,0.068548,0.064394
tr|A0A7W2YWA7|A0A7W2YWA7_9ACTN,0.037037,0.070707,0.03413,0.093385,0.098485,0.016194,0.094697,0.062069,0.09434,0.087121,0.087121,0.097744,0.105263,0.101124,0.068966,0.105263,0.102273,0.083333,0.055172,0.090909,0.098113,0.083333,0.094697,0.064846,0.064846,0.008097,0.091241,0.101124,0.061433,0.102273,0.068966,0.020478,0.090909,0.094697,0.083333,0.098485,0.119048,0.102273,0.083333,0.090226,0.087121,0.0,0.087121,0.102273,0.097378,0.084175,0.101124,0.079545,0.098485,0.109023,0.090909,0.095563,0.011628,0.024291,0.004049,0.020243,0.086792,0.024291,0.031008,0.093103,0.098485,0.093633,0.090909,0.109023,0.098485,0.087121,0.090909,0.090566,0.090909,0.094697,0.033784,0.053872,0.046099,0.041958,0.020478,0.094697,0.090566,0.004049,0.084337,0.104869,0.094697,0.079245,0.098113,0.004049,0.090909,0.0,0.069106,0.016194,0.088353,0.085366,0.098485,0.008097,0.020243,0.020243,0.073171,0.056911,0.080645,0.090909
tr|A0A7W7L7Z3|A0A7W7L7Z3_STRNE,0.083333,0.075758,0.079545,0.089494,0.087121,0.072874,0.090909,0.079545,0.07197,0.079545,0.079545,0.045455,0.045455,0.034091,0.090909,0.05303,0.109848,0.07197,0.083333,0.079545,0.045455,0.064394,0.011364,0.083333,0.079545,0.072874,0.083333,0.049242,0.083333,0.109848,0.090909,0.087121,0.083333,0.079545,0.064394,0.094697,0.102273,0.090909,0.075758,0.079545,0.064394,0.087121,0.0,0.041667,0.045455,0.090909,0.049242,0.068182,0.090909,0.034091,0.083333,0.094697,0.081395,0.064777,0.072874,0.076923,0.079545,0.072874,0.081395,0.090909,0.037879,0.045455,0.094697,0.045455,0.090909,0.068182,0.090909,0.034091,0.034091,0.045455,0.083333,0.083333,0.090909,0.083333,0.087121,0.090909,0.068182,0.080972,0.048193,0.05303,0.045455,0.07197,0.037879,0.072874,0.106061,0.076923,0.060976,0.068826,0.052209,0.081301,0.087121,0.068826,0.068826,0.080972,0.077236,0.069106,0.084677,0.079545
tr|A0A7W7LND7|A0A7W7LND7_9ACTN,0.098485,0.087121,0.094697,0.105058,0.106061,0.080972,0.090909,0.094697,0.07197,0.079545,0.079545,0.049242,0.049242,0.026515,0.106061,0.049242,0.113636,0.098485,0.094697,0.087121,0.037879,0.068182,0.049242,0.094697,0.094697,0.080972,0.090909,0.049242,0.094697,0.113636,0.106061,0.102273,0.094697,0.079545,0.079545,0.102273,0.121212,0.098485,0.098485,0.094697,0.079545,0.102273,0.041667,0.0,0.05303,0.106061,0.049242,0.07197,0.098485,0.037879,0.087121,0.106061,0.096899,0.072874,0.08502,0.08502,0.098485,0.080972,0.093023,0.102273,0.018939,0.05303,0.109848,0.049242,0.102273,0.083333,0.090909,0.030303,0.030303,0.026515,0.094697,0.094697,0.106061,0.098485,0.102273,0.083333,0.068182,0.093117,0.060241,0.05303,0.026515,0.087121,0.026515,0.08502,0.109848,0.089069,0.069106,0.076923,0.056225,0.093496,0.083333,0.080972,0.080972,0.093117,0.081301,0.073171,0.096774,0.090909
tr|A0A7X1IM32|A0A7X1IM32_9ACTN,0.093633,0.086142,0.089888,0.089494,0.090909,0.072874,0.079545,0.089888,0.071698,0.083333,0.075758,0.06391,0.071429,0.05618,0.101124,0.075188,0.106061,0.093633,0.093633,0.087121,0.05283,0.068182,0.05303,0.093633,0.089888,0.072874,0.086142,0.011236,0.093633,0.109848,0.101124,0.097378,0.083333,0.07197,0.056818,0.098485,0.11236,0.094697,0.093633,0.093985,0.075758,0.097378,0.045455,0.05303,0.0,0.101124,0.011236,0.07197,0.090909,0.071429,0.083333,0.104869,0.081395,0.064777,0.072874,0.076923,0.09434,0.072874,0.081395,0.101124,0.049242,0.018727,0.104869,0.071429,0.090909,0.064394,0.079545,0.049057,0.041667,0.049242,0.093633,0.089888,0.101124,0.093633,0.097378,0.083333,0.079245,0.080972,0.0,0.022472,0.049242,0.079245,0.049057,0.072874,0.094697,0.076923,0.052846,0.064777,0.008032,0.081301,0.087121,0.068826,0.068826,0.080972,0.077236,0.060976,0.08871,0.075758
tr|A0A7X5X2X9|A0A7X5X2X9_STRMQ,0.083612,0.09699,0.071672,0.105058,0.102273,0.036437,0.090909,0.072414,0.109434,0.083333,0.083333,0.097744,0.109023,0.104869,0.044828,0.109023,0.098485,0.09058,0.075862,0.087121,0.101887,0.094697,0.098485,0.078498,0.078498,0.024291,0.109489,0.104869,0.078498,0.098485,0.044828,0.068259,0.102273,0.090909,0.087121,0.094697,0.119048,0.098485,0.09058,0.090226,0.098485,0.084175,0.090909,0.106061,0.101124,0.0,0.104869,0.094697,0.109848,0.112782,0.087121,0.09215,0.031008,0.02834,0.024291,0.024291,0.09434,0.02834,0.034884,0.093103,0.102273,0.097378,0.053512,0.112782,0.102273,0.090909,0.087121,0.09434,0.094697,0.098485,0.081081,0.086957,0.060284,0.073427,0.071672,0.094697,0.101887,0.024291,0.088353,0.108614,0.098485,0.090566,0.101887,0.016194,0.098485,0.020243,0.073171,0.02834,0.092369,0.097561,0.109848,0.020243,0.032389,0.0,0.069106,0.069106,0.092742,0.102273
tr|M3B085|M3B085_STRMB,0.097378,0.089888,0.093633,0.089494,0.098485,0.076923,0.075758,0.093633,0.071698,0.083333,0.075758,0.067669,0.075188,0.05618,0.104869,0.075188,0.102273,0.097378,0.097378,0.083333,0.056604,0.068182,0.056818,0.097378,0.093633,0.076923,0.086142,0.0,0.097378,0.106061,0.104869,0.101124,0.083333,0.07197,0.060606,0.094697,0.116105,0.090909,0.097378,0.093985,0.075758,0.101124,0.049242,0.049242,0.011236,0.104869,0.0,0.07197,0.090909,0.075188,0.083333,0.108614,0.085271,0.068826,0.076923,0.080972,0.09434,0.076923,0.085271,0.104869,0.045455,0.018727,0.108614,0.075188,0.094697,0.068182,0.079545,0.05283,0.045455,0.045455,0.097378,0.093633,0.104869,0.097378,0.101124,0.087121,0.079245,0.08502,0.008032,0.011236,0.045455,0.079245,0.05283,0.076923,0.090909,0.080972,0.052846,0.068826,0.0,0.081301,0.087121,0.072874,0.072874,0.08502,0.073171,0.060976,0.08871,0.075758
UPI0004AB9DA7,0.075758,0.090909,0.079545,0.077821,0.094697,0.060729,0.068182,0.079545,0.064394,0.068182,0.068182,0.075758,0.083333,0.060606,0.090909,0.075758,0.106061,0.079545,0.075758,0.07197,0.07197,0.015152,0.075758,0.075758,0.075758,0.060729,0.068182,0.07197,0.075758,0.106061,0.090909,0.079545,0.068182,0.068182,0.060606,0.094697,0.083333,0.098485,0.083333,0.079545,0.018939,0.079545,0.068182,0.07197,0.07197,0.094697,0.07197,0.0,0.090909,0.083333,0.068182,0.094697,0.073643,0.076923,0.060729,0.072874,0.068182,0.068826,0.081395,0.090909,0.064394,0.068182,0.094697,0.075758,0.087121,0.079545,0.064394,0.068182,0.064394,0.064394,0.075758,0.083333,0.083333,0.083333,0.079545,0.079545,0.064394,0.068826,0.072289,0.07197,0.064394,0.068182,0.068182,0.068826,0.079545,0.064777,0.052846,0.064777,0.072289,0.065041,0.064394,0.064777,0.064777,0.080972,0.077236,0.04878,0.072581,0.060606
UPI0004BF7A16,0.094697,0.098485,0.106061,0.081712,0.090909,0.08502,0.106061,0.102273,0.087121,0.098485,0.106061,0.098485,0.098485,0.087121,0.109848,0.087121,0.117424,0.106061,0.098485,0.102273,0.098485,0.083333,0.098485,0.098485,0.098485,0.08502,0.087121,0.090909,0.098485,0.113636,0.109848,0.098485,0.083333,0.098485,0.07197,0.094697,0.121212,0.102273,0.106061,0.098485,0.079545,0.098485,0.090909,0.098485,0.090909,0.109848,0.090909,0.090909,0.0,0.109848,0.102273,0.109848,0.093023,0.08502,0.080972,0.089069,0.094697,0.08502,0.096899,0.109848,0.098485,0.090909,0.113636,0.109848,0.109848,0.075758,0.106061,0.098485,0.094697,0.083333,0.098485,0.098485,0.102273,0.102273,0.098485,0.102273,0.079545,0.089069,0.092369,0.094697,0.083333,0.056818,0.098485,0.089069,0.102273,0.08502,0.056911,0.080972,0.092369,0.069106,0.090909,0.093117,0.089069,0.097166,0.093496,0.065041,0.072581,0.087121
UPI0004C21FBC,0.105263,0.097744,0.101504,0.097276,0.102273,0.080972,0.102273,0.101504,0.075472,0.090909,0.090909,0.037594,0.037594,0.052632,0.112782,0.045113,0.121212,0.097744,0.101504,0.090909,0.056604,0.07197,0.041667,0.101504,0.101504,0.08502,0.097744,0.075188,0.101504,0.121212,0.112782,0.109023,0.094697,0.090909,0.083333,0.106061,0.12782,0.102273,0.093985,0.105263,0.079545,0.109023,0.034091,0.037879,0.071429,0.112782,0.075188,0.083333,0.109848,0.0,0.094697,0.112782,0.096899,0.076923,0.08502,0.089069,0.101887,0.08502,0.093023,0.109023,0.049242,0.071429,0.116541,0.018797,0.109848,0.087121,0.102273,0.045283,0.045455,0.05303,0.105263,0.105263,0.112782,0.105263,0.109023,0.090909,0.071698,0.093117,0.064257,0.078947,0.05303,0.090566,0.049057,0.08502,0.117424,0.089069,0.073171,0.080972,0.068273,0.089431,0.090909,0.080972,0.080972,0.093117,0.085366,0.077236,0.092742,0.098485
UPI0004C82A89,0.087121,0.090909,0.090909,0.101167,0.075758,0.076923,0.030303,0.090909,0.087121,0.015152,0.015152,0.094697,0.094697,0.075758,0.087121,0.094697,0.102273,0.083333,0.087121,0.007576,0.087121,0.064394,0.090909,0.087121,0.087121,0.072874,0.083333,0.083333,0.087121,0.102273,0.087121,0.090909,0.090909,0.034091,0.079545,0.098485,0.094697,0.094697,0.079545,0.079545,0.075758,0.090909,0.083333,0.087121,0.083333,0.087121,0.083333,0.068182,0.102273,0.094697,0.0,0.083333,0.085271,0.080972,0.076923,0.068826,0.068182,0.064777,0.069767,0.079545,0.083333,0.083333,0.090909,0.106061,0.060606,0.090909,0.026515,0.083333,0.075758,0.083333,0.083333,0.083333,0.094697,0.094697,0.090909,0.075758,0.087121,0.08502,0.088353,0.083333,0.083333,0.094697,0.087121,0.08502,0.068182,0.080972,0.073171,0.068826,0.088353,0.097561,0.07197,0.080972,0.080972,0.076923,0.073171,0.073171,0.08871,0.045455
UPI0004C88515,0.102389,0.098976,0.105802,0.089494,0.090909,0.02834,0.087121,0.106897,0.10566,0.075758,0.079545,0.101504,0.109023,0.108614,0.1,0.105263,0.090909,0.09058,0.103448,0.083333,0.10566,0.087121,0.102273,0.102389,0.102389,0.012146,0.10219,0.108614,0.102389,0.090909,0.1,0.102389,0.090909,0.087121,0.090909,0.087121,0.12628,0.090909,0.086957,0.097744,0.094697,0.095563,0.094697,0.106061,0.104869,0.09215,0.108614,0.094697,0.109848,0.112782,0.083333,0.0,0.027132,0.020243,0.024291,0.0,0.09434,0.004049,0.007752,0.010345,0.106061,0.101124,0.102389,0.112782,0.102273,0.098485,0.083333,0.098113,0.098485,0.098485,0.085324,0.088737,0.08156,0.094406,0.102389,0.102273,0.09434,0.024291,0.084337,0.11236,0.098485,0.090566,0.10566,0.024291,0.090909,0.020243,0.069106,0.012146,0.088353,0.085366,0.102273,0.020243,0.032389,0.024291,0.065041,0.056911,0.080645,0.098485
UPI0005B8B429,0.015504,0.027132,0.011628,0.085603,0.077519,0.008097,0.089147,0.015504,0.089147,0.077519,0.081395,0.085271,0.093023,0.085271,0.027132,0.093023,0.089147,0.046512,0.011628,0.085271,0.089147,0.077519,0.089147,0.011628,0.011628,0.008097,0.065891,0.085271,0.011628,0.089147,0.027132,0.011628,0.085271,0.089147,0.077519,0.085271,0.05814,0.089147,0.046512,0.081395,0.081395,0.011628,0.081395,0.096899,0.081395,0.031008,0.085271,0.073643,0.093023,0.096899,0.085271,0.027132,0.0,0.024291,0.012146,0.020243,0.077519,0.024291,0.027132,0.027132,0.093023,0.077519,0.027132,0.096899,0.085271,0.077519,0.085271,0.081395,0.085271,0.089147,0.011628,0.01938,0.015504,0.015504,0.011628,0.089147,0.085271,0.012146,0.080321,0.089147,0.089147,0.081395,0.089147,0.012146,0.085271,0.008097,0.065041,0.016194,0.084337,0.081301,0.093023,0.008097,0.012146,0.02834,0.073171,0.052846,0.076613,0.085271
UPI0005CAD62E,0.02834,0.0,0.016194,0.093117,0.068826,0.032389,0.08502,0.02834,0.076923,0.072874,0.076923,0.064777,0.072874,0.064777,0.02834,0.068826,0.068826,0.048583,0.032389,0.080972,0.068826,0.072874,0.072874,0.032389,0.032389,0.016194,0.064777,0.068826,0.032389,0.068826,0.02834,0.024291,0.08502,0.08502,0.068826,0.068826,0.072874,0.072874,0.048583,0.072874,0.076923,0.024291,0.064777,0.072874,0.064777,0.02834,0.068826,0.076923,0.08502,0.076923,0.080972,0.020243,0.024291,0.0,0.02834,0.020243,0.072874,0.024291,0.024291,0.020243,0.072874,0.060729,0.02834,0.080972,0.072874,0.072874,0.080972,0.060729,0.064777,0.064777,0.016194,0.016194,0.02834,0.020243,0.024291,0.076923,0.064777,0.02834,0.064777,0.072874,0.064777,0.076923,0.068826,0.020243,0.093117,0.024291,0.065041,0.016194,0.068826,0.089431,0.08502,0.016194,0.02834,0.02834,0.069106,0.060976,0.080972,0.08502
UPI0006864305,0.0,0.02834,0.012146,0.08502,0.064777,0.020243,0.080972,0.024291,0.072874,0.068826,0.072874,0.072874,0.080972,0.072874,0.020243,0.080972,0.068826,0.036437,0.020243,0.076923,0.076923,0.064777,0.080972,0.020243,0.020243,0.012146,0.05668,0.076923,0.020243,0.068826,0.020243,0.004049,0.076923,0.080972,0.068826,0.068826,0.05668,0.072874,0.036437,0.068826,0.068826,0.004049,0.072874,0.08502,0.072874,0.024291,0.076923,0.060729,0.080972,0.08502,0.076923,0.024291,0.012146,0.02834,0.0,0.024291,0.064777,0.020243,0.020243,0.024291,0.080972,0.068826,0.020243,0.089069,0.068826,0.072874,0.076923,0.068826,0.072874,0.076923,0.012146,0.020243,0.008097,0.008097,0.004049,0.072874,0.068826,0.008097,0.072874,0.080972,0.076923,0.060729,0.076923,0.008097,0.089069,0.004049,0.065041,0.020243,0.076923,0.081301,0.080972,0.012146,0.024291,0.024291,0.069106,0.052846,0.072874,0.076923
UPI00068D9D5E,0.024291,0.020243,0.020243,0.089069,0.064777,0.02834,0.072874,0.032389,0.080972,0.060729,0.064777,0.076923,0.08502,0.076923,0.024291,0.080972,0.064777,0.044534,0.02834,0.068826,0.080972,0.068826,0.08502,0.02834,0.02834,0.012146,0.060729,0.080972,0.02834,0.064777,0.024291,0.020243,0.080972,0.072874,0.072874,0.064777,0.052632,0.068826,0.044534,0.072874,0.072874,0.020243,0.076923,0.08502,0.076923,0.024291,0.080972,0.072874,0.089069,0.089069,0.068826,0.0,0.020243,0.020243,0.024291,0.0,0.068826,0.004049,0.004049,0.0,0.08502,0.072874,0.024291,0.093117,0.068826,0.076923,0.068826,0.072874,0.076923,0.076923,0.012146,0.012146,0.024291,0.024291,0.020243,0.080972,0.068826,0.024291,0.076923,0.08502,0.076923,0.072874,0.080972,0.024291,0.080972,0.020243,0.069106,0.012146,0.080972,0.085366,0.080972,0.020243,0.032389,0.024291,0.065041,0.056911,0.076923,0.080972
UPI0006E330A0,0.083019,0.090566,0.086792,0.108949,0.075758,0.072874,0.068182,0.09434,0.090566,0.07197,0.07197,0.086792,0.09434,0.098113,0.098113,0.090566,0.109848,0.090566,0.090566,0.060606,0.101887,0.075758,0.087121,0.090566,0.090566,0.060729,0.09434,0.09434,0.090566,0.109848,0.098113,0.086792,0.102273,0.07197,0.083333,0.090909,0.09434,0.094697,0.09434,0.09434,0.075758,0.086792,0.079545,0.098485,0.09434,0.09434,0.09434,0.068182,0.094697,0.101887,0.068182,0.09434,0.077519,0.072874,0.064777,0.068826,0.0,0.064777,0.077519,0.090566,0.094697,0.09434,0.101887,0.101887,0.07197,0.102273,0.068182,0.090566,0.090909,0.087121,0.079245,0.086792,0.090566,0.090566,0.086792,0.087121,0.075472,0.072874,0.092369,0.09434,0.087121,0.09434,0.098113,0.072874,0.079545,0.068826,0.077236,0.064777,0.092369,0.097561,0.083333,0.068826,0.076923,0.076923,0.085366,0.073171,0.084677,0.07197
UPI0007675554,0.020243,0.024291,0.024291,0.08502,0.060729,0.032389,0.068826,0.036437,0.076923,0.05668,0.060729,0.072874,0.080972,0.072874,0.02834,0.076923,0.060729,0.040486,0.032389,0.064777,0.076923,0.064777,0.080972,0.032389,0.032389,0.016194,0.05668,0.076923,0.032389,0.060729,0.02834,0.024291,0.076923,0.068826,0.068826,0.060729,0.048583,0.064777,0.040486,0.068826,0.068826,0.024291,0.072874,0.080972,0.072874,0.02834,0.076923,0.068826,0.08502,0.08502,0.064777,0.004049,0.024291,0.024291,0.020243,0.004049,0.064777,0.0,0.0,0.004049,0.080972,0.068826,0.02834,0.089069,0.064777,0.072874,0.064777,0.068826,0.072874,0.072874,0.016194,0.016194,0.02834,0.02834,0.024291,0.076923,0.064777,0.02834,0.072874,0.080972,0.072874,0.068826,0.076923,0.02834,0.08502,0.024291,0.065041,0.016194,0.076923,0.081301,0.076923,0.024291,0.036437,0.02834,0.060976,0.052846,0.072874,0.076923
UPI00099F22EF,0.027132,0.031008,0.031008,0.081712,0.073643,0.032389,0.073643,0.042636,0.093023,0.062016,0.065891,0.081395,0.089147,0.085271,0.034884,0.085271,0.077519,0.046512,0.03876,0.069767,0.089147,0.073643,0.089147,0.03876,0.03876,0.016194,0.062016,0.085271,0.03876,0.077519,0.034884,0.031008,0.081395,0.073643,0.077519,0.073643,0.054264,0.077519,0.042636,0.077519,0.081395,0.031008,0.081395,0.093023,0.081395,0.034884,0.085271,0.081395,0.096899,0.093023,0.069767,0.007752,0.027132,0.024291,0.020243,0.004049,0.077519,0.0,0.0,0.007752,0.093023,0.077519,0.034884,0.093023,0.081395,0.081395,0.069767,0.081395,0.085271,0.085271,0.023256,0.023256,0.034884,0.034884,0.031008,0.089147,0.081395,0.02834,0.080321,0.089147,0.085271,0.073643,0.089147,0.02834,0.085271,0.024291,0.065041,0.016194,0.084337,0.081301,0.089147,0.024291,0.036437,0.02834,0.060976,0.052846,0.076613,0.085271
UPI00099FBF64,0.1,0.096552,0.096552,0.089494,0.090909,0.02834,0.083333,0.103448,0.101887,0.075758,0.075758,0.097744,0.105263,0.104869,0.096552,0.101504,0.090909,0.086957,0.1,0.079545,0.101887,0.083333,0.098485,0.1,0.1,0.012146,0.09854,0.104869,0.1,0.090909,0.096552,0.093103,0.090909,0.083333,0.087121,0.087121,0.12069,0.090909,0.083333,0.093985,0.090909,0.093103,0.090909,0.102273,0.101124,0.093103,0.104869,0.090909,0.109848,0.109023,0.079545,0.010345,0.027132,0.020243,0.024291,0.0,0.090566,0.004049,0.007752,0.0,0.102273,0.097378,0.096552,0.109023,0.098485,0.094697,0.079545,0.09434,0.094697,0.094697,0.082759,0.086207,0.085106,0.094406,0.093103,0.098485,0.090566,0.024291,0.084337,0.108614,0.094697,0.086792,0.101887,0.024291,0.087121,0.020243,0.069106,0.012146,0.088353,0.085366,0.098485,0.020243,0.032389,0.024291,0.065041,0.056911,0.080645,0.094697
UPI000A3BF415,0.094697,0.087121,0.090909,0.101167,0.098485,0.080972,0.087121,0.090909,0.075758,0.075758,0.075758,0.05303,0.05303,0.018939,0.102273,0.056818,0.106061,0.087121,0.094697,0.083333,0.022727,0.060606,0.045455,0.094697,0.090909,0.080972,0.087121,0.045455,0.094697,0.106061,0.102273,0.098485,0.094697,0.075758,0.075758,0.102273,0.113636,0.098485,0.087121,0.090909,0.07197,0.098485,0.037879,0.018939,0.049242,0.102273,0.045455,0.064394,0.098485,0.049242,0.083333,0.106061,0.093023,0.072874,0.080972,0.08502,0.094697,0.080972,0.093023,0.102273,0.0,0.049242,0.106061,0.056818,0.098485,0.079545,0.087121,0.015152,0.015152,0.026515,0.094697,0.094697,0.102273,0.094697,0.098485,0.087121,0.075758,0.089069,0.056225,0.049242,0.026515,0.083333,0.022727,0.080972,0.102273,0.08502,0.065041,0.076923,0.052209,0.089431,0.079545,0.076923,0.076923,0.089069,0.081301,0.069106,0.092742,0.079545
UPI0014892378,0.089888,0.082397,0.086142,0.085603,0.094697,0.068826,0.079545,0.086142,0.071698,0.079545,0.07197,0.06391,0.071429,0.052434,0.097378,0.075188,0.102273,0.089888,0.089888,0.087121,0.049057,0.064394,0.05303,0.089888,0.086142,0.068826,0.089888,0.018727,0.089888,0.102273,0.097378,0.093633,0.087121,0.068182,0.064394,0.098485,0.108614,0.094697,0.089888,0.097744,0.07197,0.093633,0.045455,0.05303,0.018727,0.097378,0.018727,0.068182,0.090909,0.071429,0.083333,0.101124,0.077519,0.060729,0.068826,0.072874,0.09434,0.068826,0.077519,0.097378,0.049242,0.0,0.101124,0.071429,0.090909,0.07197,0.075758,0.049057,0.041667,0.049242,0.089888,0.086142,0.097378,0.089888,0.093633,0.079545,0.075472,0.076923,0.016064,0.026217,0.049242,0.079245,0.049057,0.068826,0.094697,0.072874,0.056911,0.060729,0.02008,0.077236,0.090909,0.064777,0.064777,0.076923,0.077236,0.065041,0.08871,0.075758
UPI00158207BC,0.09699,0.107023,0.075085,0.105058,0.098485,0.032389,0.094697,0.07931,0.113208,0.087121,0.087121,0.105263,0.109023,0.108614,0.031034,0.112782,0.094697,0.097826,0.082759,0.090909,0.10566,0.098485,0.102273,0.095563,0.095563,0.020243,0.109489,0.108614,0.095563,0.094697,0.031034,0.075085,0.106061,0.094697,0.090909,0.090909,0.136054,0.094697,0.097826,0.093985,0.102273,0.090909,0.094697,0.109848,0.104869,0.053512,0.108614,0.094697,0.113636,0.116541,0.090909,0.102389,0.027132,0.02834,0.020243,0.024291,0.101887,0.02834,0.034884,0.096552,0.106061,0.101124,0.0,0.116541,0.106061,0.094697,0.090909,0.098113,0.098485,0.102273,0.081081,0.103679,0.067376,0.06993,0.081911,0.094697,0.10566,0.020243,0.088353,0.11236,0.102273,0.09434,0.10566,0.012146,0.102273,0.016194,0.073171,0.02834,0.092369,0.097561,0.113636,0.016194,0.02834,0.008097,0.069106,0.069106,0.092742,0.106061
UPI0015C2F11C,0.105263,0.097744,0.101504,0.089494,0.109848,0.08502,0.098485,0.101504,0.079245,0.102273,0.094697,0.041353,0.048872,0.06015,0.112782,0.048872,0.117424,0.097744,0.101504,0.102273,0.064151,0.064394,0.05303,0.101504,0.101504,0.089069,0.097744,0.075188,0.101504,0.117424,0.112782,0.109023,0.087121,0.090909,0.083333,0.106061,0.120301,0.102273,0.093985,0.116541,0.07197,0.109023,0.045455,0.049242,0.071429,0.112782,0.075188,0.075758,0.109848,0.018797,0.106061,0.112782,0.096899,0.080972,0.089069,0.093117,0.101887,0.089069,0.093023,0.109023,0.056818,0.071429,0.116541,0.0,0.113636,0.090909,0.094697,0.05283,0.05303,0.056818,0.105263,0.105263,0.112782,0.105263,0.109023,0.090909,0.075472,0.097166,0.064257,0.078947,0.056818,0.083019,0.056604,0.089069,0.113636,0.093117,0.073171,0.08502,0.068273,0.081301,0.079545,0.08502,0.08502,0.097166,0.081301,0.077236,0.096774,0.094697
UPI0016652E75,0.094697,0.098485,0.098485,0.105058,0.064394,0.068826,0.060606,0.098485,0.098485,0.056818,0.056818,0.109848,0.117424,0.098485,0.102273,0.109848,0.106061,0.083333,0.094697,0.060606,0.102273,0.090909,0.098485,0.094697,0.094697,0.064777,0.094697,0.094697,0.094697,0.106061,0.102273,0.098485,0.106061,0.060606,0.090909,0.102273,0.113636,0.106061,0.087121,0.094697,0.090909,0.098485,0.090909,0.102273,0.090909,0.102273,0.094697,0.087121,0.109848,0.109848,0.060606,0.102273,0.085271,0.072874,0.068826,0.068826,0.07197,0.064777,0.081395,0.098485,0.098485,0.090909,0.106061,0.113636,0.0,0.098485,0.060606,0.090909,0.094697,0.094697,0.090909,0.087121,0.102273,0.102273,0.098485,0.079545,0.098485,0.076923,0.080321,0.094697,0.094697,0.102273,0.098485,0.076923,0.090909,0.072874,0.073171,0.060729,0.084337,0.089431,0.087121,0.072874,0.072874,0.076923,0.085366,0.065041,0.084677,0.079545
UPI0016709033,0.083333,0.083333,0.079545,0.062257,0.090909,0.068826,0.098485,0.079545,0.090909,0.090909,0.094697,0.094697,0.098485,0.07197,0.090909,0.090909,0.102273,0.087121,0.079545,0.094697,0.079545,0.07197,0.075758,0.079545,0.083333,0.072874,0.056818,0.068182,0.079545,0.098485,0.090909,0.087121,0.064394,0.087121,0.022727,0.094697,0.106061,0.098485,0.087121,0.068182,0.075758,0.087121,0.068182,0.083333,0.064394,0.090909,0.068182,0.079545,0.075758,0.087121,0.090909,0.098485,0.077519,0.072874,0.072874,0.076923,0.102273,0.072874,0.081395,0.094697,0.079545,0.07197,0.094697,0.090909,0.098485,0.0,0.098485,0.079545,0.07197,0.079545,0.083333,0.083333,0.090909,0.083333,0.087121,0.094697,0.094697,0.080972,0.068273,0.07197,0.079545,0.049242,0.079545,0.072874,0.094697,0.076923,0.012195,0.068826,0.068273,0.052846,0.083333,0.068826,0.068826,0.080972,0.073171,0.04065,0.060484,0.079545
UPI001674B52A,0.087121,0.090909,0.090909,0.093385,0.083333,0.076923,0.011364,0.090909,0.098485,0.018939,0.018939,0.102273,0.109848,0.079545,0.087121,0.102273,0.098485,0.083333,0.087121,0.030303,0.094697,0.060606,0.098485,0.087121,0.087121,0.072874,0.079545,0.079545,0.087121,0.098485,0.087121,0.090909,0.087121,0.022727,0.090909,0.094697,0.098485,0.098485,0.079545,0.098485,0.075758,0.090909,0.090909,0.090909,0.079545,0.087121,0.079545,0.064394,0.106061,0.102273,0.026515,0.083333,0.085271,0.080972,0.076923,0.068826,0.068182,0.064777,0.069767,0.079545,0.087121,0.075758,0.090909,0.094697,0.060606,0.098485,0.0,0.090909,0.087121,0.079545,0.083333,0.083333,0.094697,0.094697,0.090909,0.068182,0.094697,0.08502,0.084337,0.079545,0.079545,0.087121,0.094697,0.08502,0.060606,0.080972,0.085366,0.068826,0.084337,0.089431,0.07197,0.080972,0.080972,0.076923,0.077236,0.069106,0.096774,0.05303
UPI00167AF4CE,0.086792,0.079245,0.083019,0.101167,0.094697,0.068826,0.090909,0.083019,0.079245,0.079545,0.079545,0.05283,0.05283,0.022642,0.09434,0.060377,0.109848,0.079245,0.086792,0.079545,0.015094,0.064394,0.041667,0.086792,0.083019,0.068826,0.086792,0.05283,0.086792,0.109848,0.09434,0.090566,0.094697,0.079545,0.075758,0.102273,0.10566,0.098485,0.079245,0.09434,0.068182,0.090566,0.034091,0.030303,0.049057,0.09434,0.05283,0.068182,0.098485,0.045283,0.083333,0.098113,0.081395,0.060729,0.068826,0.072874,0.090566,0.068826,0.081395,0.09434,0.015152,0.049057,0.098113,0.05283,0.090909,0.079545,0.090909,0.0,0.011364,0.030303,0.086792,0.086792,0.09434,0.086792,0.090566,0.087121,0.075472,0.076923,0.052209,0.056604,0.030303,0.083019,0.018868,0.068826,0.106061,0.072874,0.065041,0.064777,0.056225,0.089431,0.079545,0.064777,0.064777,0.076923,0.081301,0.065041,0.092742,0.083333
UPI00167C4DB5,0.087121,0.079545,0.083333,0.093385,0.094697,0.072874,0.090909,0.083333,0.064394,0.075758,0.075758,0.049242,0.049242,0.015152,0.094697,0.056818,0.102273,0.075758,0.087121,0.083333,0.015152,0.056818,0.041667,0.087121,0.083333,0.072874,0.083333,0.045455,0.087121,0.102273,0.094697,0.090909,0.087121,0.075758,0.068182,0.098485,0.106061,0.094697,0.075758,0.083333,0.064394,0.090909,0.034091,0.030303,0.041667,0.094697,0.045455,0.064394,0.094697,0.045455,0.075758,0.098485,0.085271,0.064777,0.072874,0.076923,0.090909,0.072874,0.085271,0.094697,0.015152,0.041667,0.098485,0.05303,0.094697,0.07197,0.087121,0.011364,0.0,0.026515,0.087121,0.087121,0.094697,0.087121,0.090909,0.079545,0.068182,0.080972,0.048193,0.049242,0.026515,0.079545,0.018939,0.072874,0.106061,0.076923,0.056911,0.068826,0.052209,0.081301,0.07197,0.068826,0.068826,0.080972,0.077236,0.065041,0.08871,0.079545
UPI00167DFF93,0.090909,0.079545,0.087121,0.093385,0.098485,0.076923,0.075758,0.087121,0.068182,0.075758,0.068182,0.049242,0.056818,0.018939,0.098485,0.049242,0.106061,0.087121,0.090909,0.079545,0.037879,0.056818,0.05303,0.090909,0.087121,0.072874,0.083333,0.045455,0.090909,0.106061,0.098485,0.094697,0.090909,0.068182,0.07197,0.090909,0.113636,0.087121,0.087121,0.090909,0.068182,0.094697,0.045455,0.026515,0.049242,0.098485,0.045455,0.064394,0.083333,0.05303,0.083333,0.098485,0.089147,0.064777,0.076923,0.076923,0.087121,0.072874,0.085271,0.094697,0.026515,0.049242,0.102273,0.056818,0.094697,0.079545,0.079545,0.030303,0.026515,0.0,0.087121,0.087121,0.098485,0.090909,0.094697,0.079545,0.068182,0.08502,0.056225,0.049242,0.003788,0.079545,0.030303,0.076923,0.098485,0.080972,0.060976,0.068826,0.052209,0.081301,0.07197,0.072874,0.072874,0.08502,0.069106,0.065041,0.084677,0.075758
UPI00168BB9BC,0.043919,0.057432,0.03413,0.089494,0.090909,0.016194,0.087121,0.058621,0.09434,0.079545,0.079545,0.093985,0.101504,0.097378,0.068966,0.097744,0.098485,0.083333,0.051724,0.083333,0.09434,0.079545,0.090909,0.054608,0.054608,0.0,0.087591,0.097378,0.051195,0.098485,0.068966,0.027304,0.087121,0.087121,0.079545,0.094697,0.108844,0.098485,0.083333,0.086466,0.083333,0.033784,0.083333,0.094697,0.093633,0.081081,0.097378,0.075758,0.098485,0.105263,0.083333,0.085324,0.011628,0.016194,0.012146,0.012146,0.079245,0.016194,0.023256,0.082759,0.094697,0.089888,0.081081,0.105263,0.090909,0.083333,0.083333,0.086792,0.087121,0.087121,0.0,0.040541,0.053191,0.041958,0.037543,0.087121,0.083019,0.012146,0.080321,0.101124,0.087121,0.083019,0.09434,0.012146,0.090909,0.008097,0.065041,0.008097,0.084337,0.081301,0.090909,0.008097,0.020243,0.024291,0.069106,0.052846,0.076613,0.087121
UPI0018DB255D,0.065574,0.078689,0.047782,0.085603,0.087121,0.024291,0.087121,0.072414,0.098113,0.079545,0.079545,0.097744,0.105263,0.097378,0.089655,0.101504,0.094697,0.07971,0.065517,0.083333,0.09434,0.079545,0.090909,0.071672,0.071672,0.008097,0.094891,0.093633,0.068259,0.094697,0.089655,0.047782,0.087121,0.087121,0.079545,0.090909,0.112245,0.094697,0.07971,0.086466,0.083333,0.053872,0.083333,0.094697,0.089888,0.086957,0.093633,0.083333,0.098485,0.105263,0.083333,0.088737,0.01938,0.016194,0.020243,0.012146,0.086792,0.016194,0.023256,0.086207,0.094697,0.086142,0.103679,0.105263,0.087121,0.083333,0.083333,0.086792,0.087121,0.087121,0.040541,0.0,0.049645,0.055944,0.05802,0.094697,0.086792,0.020243,0.072289,0.097378,0.087121,0.083019,0.09434,0.020243,0.090909,0.016194,0.060976,0.0,0.076305,0.077236,0.090909,0.016194,0.02834,0.02834,0.065041,0.04878,0.072581,0.087121
UPI0018DB5C0F,0.035461,0.053191,0.060284,0.097276,0.102273,0.020243,0.098485,0.060284,0.090566,0.090909,0.090909,0.101504,0.109023,0.104869,0.06383,0.109023,0.106061,0.07971,0.056738,0.094697,0.101887,0.087121,0.098485,0.049645,0.049645,0.012146,0.094891,0.104869,0.049645,0.106061,0.06383,0.042553,0.094697,0.098485,0.087121,0.102273,0.099291,0.106061,0.07971,0.093985,0.090909,0.046099,0.090909,0.106061,0.101124,0.060284,0.104869,0.083333,0.102273,0.112782,0.094697,0.08156,0.015504,0.02834,0.008097,0.024291,0.090566,0.02834,0.034884,0.085106,0.102273,0.097378,0.067376,0.112782,0.102273,0.090909,0.094697,0.09434,0.094697,0.098485,0.053191,0.049645,0.0,0.060284,0.046099,0.098485,0.09434,0.0,0.088353,0.108614,0.098485,0.083019,0.101887,0.008097,0.094697,0.004049,0.073171,0.020243,0.092369,0.089431,0.102273,0.012146,0.024291,0.024291,0.077236,0.060976,0.084677,0.094697
UPI00191E5043,0.041958,0.066434,0.041958,0.097276,0.102273,0.020243,0.098485,0.062937,0.098113,0.090909,0.090909,0.093985,0.101504,0.097378,0.062937,0.101504,0.098485,0.09058,0.062937,0.094697,0.09434,0.087121,0.090909,0.066434,0.066434,0.012146,0.094891,0.097378,0.062937,0.098485,0.062937,0.041958,0.094697,0.098485,0.079545,0.094697,0.118881,0.098485,0.09058,0.090226,0.090909,0.041958,0.083333,0.098485,0.093633,0.073427,0.097378,0.083333,0.102273,0.105263,0.094697,0.094406,0.015504,0.020243,0.008097,0.024291,0.090566,0.02834,0.034884,0.094406,0.094697,0.089888,0.06993,0.105263,0.102273,0.083333,0.094697,0.086792,0.087121,0.090909,0.041958,0.055944,0.060284,0.0,0.045455,0.090909,0.09434,0.008097,0.080321,0.101124,0.090909,0.083019,0.09434,0.0,0.094697,0.004049,0.065041,0.020243,0.084337,0.089431,0.102273,0.004049,0.016194,0.016194,0.069106,0.060976,0.084677,0.094697
UPI001A262457,0.03413,0.09215,0.030717,0.093385,0.098485,0.016194,0.094697,0.068966,0.09434,0.087121,0.087121,0.097744,0.105263,0.101124,0.075862,0.105263,0.102273,0.07971,0.062069,0.090909,0.098113,0.083333,0.094697,0.068259,0.068259,0.008097,0.094891,0.101124,0.064846,0.102273,0.075862,0.010239,0.090909,0.094697,0.083333,0.098485,0.119454,0.102273,0.07971,0.090226,0.087121,0.020478,0.087121,0.102273,0.097378,0.071672,0.101124,0.079545,0.098485,0.109023,0.090909,0.102389,0.011628,0.024291,0.004049,0.020243,0.086792,0.024291,0.031008,0.093103,0.098485,0.093633,0.081911,0.109023,0.098485,0.087121,0.090909,0.090566,0.090909,0.094697,0.037543,0.05802,0.046099,0.045455,0.0,0.094697,0.090566,0.004049,0.084337,0.104869,0.094697,0.079245,0.098113,0.004049,0.090909,0.0,0.069106,0.016194,0.088353,0.085366,0.098485,0.008097,0.020243,0.020243,0.073171,0.056911,0.080645,0.090909
UPI001A8F56A7,0.090909,0.094697,0.087121,0.101167,0.079545,0.068826,0.07197,0.087121,0.094697,0.068182,0.068182,0.094697,0.102273,0.079545,0.090909,0.098485,0.090909,0.090909,0.087121,0.079545,0.087121,0.075758,0.098485,0.087121,0.090909,0.068826,0.098485,0.087121,0.087121,0.090909,0.090909,0.094697,0.098485,0.07197,0.087121,0.090909,0.106061,0.094697,0.087121,0.106061,0.090909,0.094697,0.090909,0.083333,0.083333,0.094697,0.087121,0.079545,0.102273,0.090909,0.075758,0.102273,0.089147,0.076923,0.072874,0.080972,0.087121,0.076923,0.089147,0.098485,0.087121,0.079545,0.094697,0.090909,0.079545,0.094697,0.068182,0.087121,0.079545,0.079545,0.087121,0.094697,0.098485,0.090909,0.094697,0.0,0.087121,0.080972,0.084337,0.090909,0.079545,0.090909,0.090909,0.072874,0.098485,0.076923,0.073171,0.072874,0.088353,0.089431,0.087121,0.068826,0.068826,0.076923,0.073171,0.081301,0.100806,0.075758
UPI001ADD3F0C,0.086792,0.083019,0.090566,0.101167,0.094697,0.076923,0.098485,0.098113,0.026415,0.090909,0.090909,0.05283,0.056604,0.071698,0.101887,0.049057,0.113636,0.090566,0.09434,0.087121,0.083019,0.060606,0.075758,0.09434,0.090566,0.064777,0.09434,0.079245,0.09434,0.113636,0.101887,0.090566,0.094697,0.090909,0.079545,0.106061,0.101887,0.106061,0.09434,0.083019,0.060606,0.090566,0.068182,0.068182,0.079245,0.101887,0.079245,0.064394,0.079545,0.071698,0.087121,0.09434,0.085271,0.064777,0.068826,0.068826,0.075472,0.064777,0.081395,0.090566,0.075758,0.075472,0.10566,0.075472,0.098485,0.094697,0.094697,0.075472,0.068182,0.068182,0.083019,0.086792,0.09434,0.09434,0.090566,0.087121,0.0,0.076923,0.076305,0.083019,0.068182,0.090566,0.079245,0.076923,0.106061,0.072874,0.069106,0.064777,0.076305,0.085366,0.083333,0.072874,0.080972,0.08502,0.085366,0.069106,0.072581,0.087121
UPI001BE4191E,0.008097,0.02834,0.012146,0.093117,0.072874,0.020243,0.089069,0.024291,0.072874,0.076923,0.080972,0.080972,0.089069,0.080972,0.020243,0.089069,0.076923,0.044534,0.020243,0.08502,0.08502,0.072874,0.089069,0.020243,0.020243,0.012146,0.064777,0.08502,0.020243,0.076923,0.020243,0.004049,0.08502,0.089069,0.076923,0.076923,0.064777,0.080972,0.044534,0.076923,0.076923,0.004049,0.080972,0.093117,0.080972,0.024291,0.08502,0.068826,0.089069,0.093117,0.08502,0.024291,0.012146,0.02834,0.008097,0.024291,0.072874,0.02834,0.02834,0.024291,0.089069,0.076923,0.020243,0.097166,0.076923,0.080972,0.08502,0.076923,0.080972,0.08502,0.012146,0.020243,0.0,0.008097,0.004049,0.080972,0.076923,0.0,0.080972,0.089069,0.08502,0.068826,0.08502,0.008097,0.089069,0.004049,0.073171,0.020243,0.08502,0.089431,0.089069,0.012146,0.024291,0.024291,0.077236,0.060976,0.080972,0.08502
UPI001C8D5772,0.080321,0.072289,0.076305,0.092369,0.080321,0.072874,0.084337,0.076305,0.068273,0.084337,0.080321,0.060241,0.068273,0.052209,0.088353,0.072289,0.088353,0.076305,0.080321,0.092369,0.056225,0.068273,0.056225,0.080321,0.076305,0.072874,0.072289,0.008032,0.080321,0.092369,0.088353,0.084337,0.084337,0.076305,0.064257,0.092369,0.100402,0.088353,0.076305,0.088353,0.076305,0.084337,0.048193,0.060241,0.0,0.088353,0.008032,0.072289,0.092369,0.064257,0.088353,0.084337,0.080321,0.064777,0.072874,0.076923,0.092369,0.072874,0.080321,0.084337,0.056225,0.016064,0.088353,0.064257,0.080321,0.068273,0.084337,0.052209,0.048193,0.056225,0.080321,0.072289,0.088353,0.080321,0.084337,0.084337,0.076305,0.080972,0.0,0.02008,0.056225,0.084337,0.052209,0.072874,0.100402,0.076923,0.052846,0.064777,0.008032,0.081301,0.088353,0.068826,0.068826,0.080972,0.077236,0.060976,0.08871,0.080321
UPI001CBB0032,0.101124,0.093633,0.097378,0.085603,0.102273,0.080972,0.068182,0.097378,0.067925,0.083333,0.075758,0.071429,0.071429,0.059925,0.108614,0.078947,0.106061,0.101124,0.101124,0.083333,0.060377,0.07197,0.05303,0.101124,0.097378,0.080972,0.089888,0.011236,0.101124,0.109848,0.108614,0.104869,0.087121,0.07197,0.064394,0.098485,0.11985,0.094697,0.101124,0.097744,0.079545,0.104869,0.05303,0.05303,0.022472,0.108614,0.011236,0.07197,0.094697,0.078947,0.083333,0.11236,0.089147,0.072874,0.080972,0.08502,0.09434,0.080972,0.089147,0.108614,0.049242,0.026217,0.11236,0.078947,0.094697,0.07197,0.079545,0.056604,0.049242,0.049242,0.101124,0.097378,0.108614,0.101124,0.104869,0.090909,0.083019,0.089069,0.02008,0.0,0.049242,0.083019,0.056604,0.080972,0.090909,0.08502,0.056911,0.072874,0.012048,0.077236,0.090909,0.076923,0.076923,0.089069,0.077236,0.065041,0.092742,0.079545
UPI001CE23A6A,0.090909,0.079545,0.087121,0.093385,0.098485,0.076923,0.075758,0.087121,0.068182,0.075758,0.068182,0.049242,0.056818,0.018939,0.098485,0.049242,0.106061,0.087121,0.090909,0.079545,0.037879,0.056818,0.05303,0.090909,0.087121,0.072874,0.083333,0.045455,0.090909,0.106061,0.098485,0.094697,0.090909,0.068182,0.07197,0.090909,0.113636,0.087121,0.087121,0.090909,0.068182,0.094697,0.045455,0.026515,0.049242,0.098485,0.045455,0.064394,0.083333,0.05303,0.083333,0.098485,0.089147,0.064777,0.076923,0.076923,0.087121,0.072874,0.085271,0.094697,0.026515,0.049242,0.102273,0.056818,0.094697,0.079545,0.079545,0.030303,0.026515,0.003788,0.087121,0.087121,0.098485,0.090909,0.094697,0.079545,0.068182,0.08502,0.056225,0.049242,0.0,0.079545,0.030303,0.076923,0.098485,0.080972,0.060976,0.068826,0.052209,0.081301,0.07197,0.072874,0.072874,0.08502,0.069106,0.065041,0.084677,0.075758
UPI001D092EA3,0.075472,0.090566,0.086792,0.054475,0.094697,0.068826,0.087121,0.090566,0.09434,0.090909,0.090909,0.083019,0.098113,0.079245,0.090566,0.086792,0.106061,0.083019,0.083019,0.090909,0.086792,0.056818,0.079545,0.083019,0.086792,0.068826,0.05283,0.079245,0.083019,0.102273,0.090566,0.079245,0.05303,0.083333,0.049242,0.090909,0.109434,0.094697,0.079245,0.083019,0.060606,0.079245,0.07197,0.087121,0.079245,0.090566,0.079245,0.068182,0.056818,0.090566,0.094697,0.090566,0.081395,0.076923,0.060729,0.072874,0.09434,0.068826,0.073643,0.086792,0.083333,0.079245,0.09434,0.083019,0.102273,0.049242,0.087121,0.083019,0.079545,0.079545,0.083019,0.083019,0.083019,0.083019,0.079245,0.090909,0.090566,0.068826,0.084337,0.083019,0.079545,0.0,0.086792,0.068826,0.090909,0.064777,0.04065,0.064777,0.084337,0.04878,0.075758,0.072874,0.076923,0.076923,0.077236,0.036585,0.052419,0.075758
UPI001E30A7D7,0.09434,0.086792,0.090566,0.101167,0.106061,0.076923,0.094697,0.090566,0.079245,0.083333,0.083333,0.056604,0.056604,0.022642,0.101887,0.064151,0.117424,0.090566,0.09434,0.087121,0.018868,0.064394,0.045455,0.09434,0.090566,0.076923,0.090566,0.05283,0.09434,0.117424,0.101887,0.098113,0.094697,0.083333,0.075758,0.102273,0.113208,0.098485,0.090566,0.09434,0.07197,0.098113,0.037879,0.026515,0.049057,0.101887,0.05283,0.068182,0.098485,0.049057,0.087121,0.10566,0.089147,0.068826,0.076923,0.080972,0.098113,0.076923,0.089147,0.101887,0.022727,0.049057,0.10566,0.056604,0.098485,0.079545,0.094697,0.018868,0.018939,0.030303,0.09434,0.09434,0.101887,0.09434,0.098113,0.090909,0.079245,0.08502,0.052209,0.056604,0.030303,0.086792,0.0,0.076923,0.109848,0.080972,0.065041,0.072874,0.056225,0.089431,0.087121,0.072874,0.072874,0.08502,0.081301,0.069106,0.092742,0.087121
UPI001E45155A,0.008097,0.020243,0.004049,0.093117,0.072874,0.020243,0.089069,0.016194,0.080972,0.076923,0.080972,0.072874,0.080972,0.072874,0.012146,0.080972,0.068826,0.044534,0.020243,0.08502,0.076923,0.072874,0.080972,0.020243,0.020243,0.012146,0.064777,0.076923,0.020243,0.068826,0.012146,0.004049,0.08502,0.089069,0.068826,0.068826,0.064777,0.072874,0.044534,0.072874,0.076923,0.004049,0.072874,0.08502,0.072874,0.016194,0.076923,0.068826,0.089069,0.08502,0.08502,0.024291,0.012146,0.020243,0.008097,0.024291,0.072874,0.02834,0.02834,0.024291,0.080972,0.068826,0.012146,0.089069,0.076923,0.072874,0.08502,0.068826,0.072874,0.076923,0.012146,0.020243,0.008097,0.0,0.004049,0.072874,0.076923,0.008097,0.072874,0.080972,0.076923,0.068826,0.076923,0.0,0.089069,0.004049,0.065041,0.020243,0.076923,0.089431,0.089069,0.004049,0.016194,0.016194,0.069106,0.060976,0.080972,0.08502
UPI001F045630,0.094697,0.098485,0.090909,0.105058,0.106061,0.080972,0.056818,0.090909,0.106061,0.068182,0.068182,0.109848,0.117424,0.102273,0.098485,0.109848,0.113636,0.098485,0.087121,0.064394,0.113636,0.07197,0.113636,0.087121,0.087121,0.08502,0.083333,0.090909,0.087121,0.113636,0.098485,0.090909,0.094697,0.068182,0.079545,0.098485,0.109848,0.102273,0.094697,0.098485,0.087121,0.090909,0.106061,0.109848,0.094697,0.098485,0.090909,0.079545,0.102273,0.117424,0.068182,0.090909,0.085271,0.093117,0.089069,0.080972,0.079545,0.08502,0.085271,0.087121,0.102273,0.094697,0.102273,0.113636,0.090909,0.094697,0.060606,0.106061,0.106061,0.098485,0.090909,0.090909,0.094697,0.094697,0.090909,0.098485,0.106061,0.089069,0.100402,0.090909,0.098485,0.090909,0.109848,0.089069,0.0,0.08502,0.073171,0.080972,0.096386,0.101626,0.094697,0.08502,0.08502,0.093117,0.081301,0.073171,0.08871,0.079545
UPI001F0F8B35,0.004049,0.024291,0.008097,0.089069,0.068826,0.016194,0.08502,0.020243,0.076923,0.072874,0.076923,0.076923,0.08502,0.076923,0.016194,0.08502,0.072874,0.040486,0.016194,0.080972,0.080972,0.068826,0.08502,0.016194,0.016194,0.008097,0.060729,0.080972,0.016194,0.072874,0.016194,0.0,0.080972,0.08502,0.072874,0.072874,0.060729,0.076923,0.040486,0.072874,0.072874,0.0,0.076923,0.089069,0.076923,0.020243,0.080972,0.064777,0.08502,0.089069,0.080972,0.020243,0.008097,0.024291,0.004049,0.020243,0.068826,0.024291,0.024291,0.020243,0.08502,0.072874,0.016194,0.093117,0.072874,0.076923,0.080972,0.072874,0.076923,0.080972,0.008097,0.016194,0.004049,0.004049,0.0,0.076923,0.072874,0.004049,0.076923,0.08502,0.080972,0.064777,0.080972,0.004049,0.08502,0.0,0.069106,0.016194,0.080972,0.085366,0.08502,0.008097,0.020243,0.020243,0.073171,0.056911,0.076923,0.080972
UPI001F1B6050,0.065041,0.065041,0.060976,0.052846,0.056911,0.060976,0.085366,0.060976,0.060976,0.077236,0.081301,0.069106,0.077236,0.056911,0.073171,0.065041,0.065041,0.065041,0.060976,0.077236,0.065041,0.044715,0.069106,0.060976,0.065041,0.065041,0.036585,0.052846,0.060976,0.060976,0.073171,0.069106,0.04878,0.073171,0.0,0.065041,0.081301,0.069106,0.065041,0.04878,0.04878,0.069106,0.060976,0.069106,0.052846,0.073171,0.052846,0.052846,0.056911,0.073171,0.073171,0.069106,0.065041,0.065041,0.065041,0.069106,0.077236,0.065041,0.065041,0.069106,0.065041,0.056911,0.073171,0.073171,0.073171,0.012195,0.085366,0.065041,0.056911,0.060976,0.065041,0.060976,0.073171,0.065041,0.069106,0.073171,0.069106,0.073171,0.052846,0.056911,0.060976,0.04065,0.065041,0.065041,0.073171,0.069106,0.0,0.060976,0.052846,0.052846,0.056911,0.060976,0.060976,0.073171,0.069106,0.036585,0.044715,0.056911
UPI001F3DC4A7,0.020243,0.016194,0.016194,0.080972,0.05668,0.024291,0.072874,0.02834,0.076923,0.060729,0.064777,0.072874,0.080972,0.068826,0.02834,0.076923,0.064777,0.036437,0.024291,0.068826,0.072874,0.060729,0.076923,0.024291,0.024291,0.008097,0.052632,0.068826,0.024291,0.064777,0.02834,0.016194,0.072874,0.072874,0.064777,0.064777,0.060729,0.068826,0.036437,0.064777,0.064777,0.016194,0.068826,0.076923,0.064777,0.02834,0.068826,0.064777,0.080972,0.080972,0.068826,0.012146,0.016194,0.016194,0.020243,0.012146,0.064777,0.016194,0.016194,0.012146,0.076923,0.060729,0.02834,0.08502,0.060729,0.068826,0.068826,0.064777,0.068826,0.068826,0.008097,0.0,0.020243,0.020243,0.016194,0.072874,0.064777,0.020243,0.064777,0.072874,0.068826,0.064777,0.072874,0.020243,0.080972,0.016194,0.060976,0.0,0.068826,0.077236,0.072874,0.016194,0.02834,0.02834,0.065041,0.04878,0.068826,0.072874
UPI001F3FBD33,0.084337,0.076305,0.080321,0.092369,0.084337,0.076923,0.080321,0.080321,0.068273,0.084337,0.080321,0.064257,0.072289,0.052209,0.092369,0.072289,0.088353,0.080321,0.084337,0.088353,0.060241,0.068273,0.060241,0.084337,0.080321,0.076923,0.072289,0.0,0.084337,0.092369,0.092369,0.088353,0.084337,0.076305,0.064257,0.088353,0.104418,0.084337,0.080321,0.088353,0.076305,0.088353,0.052209,0.056225,0.008032,0.092369,0.0,0.072289,0.092369,0.068273,0.088353,0.088353,0.084337,0.068826,0.076923,0.080972,0.092369,0.076923,0.084337,0.088353,0.052209,0.02008,0.092369,0.068273,0.084337,0.068273,0.084337,0.056225,0.052209,0.052209,0.084337,0.076305,0.092369,0.084337,0.088353,0.088353,0.076305,0.08502,0.008032,0.012048,0.052209,0.084337,0.056225,0.076923,0.096386,0.080972,0.052846,0.068826,0.0,0.081301,0.088353,0.072874,0.072874,0.08502,0.073171,0.060976,0.08871,0.080321
UPI001F516AA0,0.081301,0.089431,0.085366,0.0,0.081301,0.077236,0.085366,0.085366,0.077236,0.089431,0.093496,0.093496,0.093496,0.077236,0.097561,0.089431,0.089431,0.073171,0.077236,0.101626,0.085366,0.056911,0.081301,0.077236,0.081301,0.081301,0.056911,0.081301,0.077236,0.085366,0.097561,0.085366,0.056911,0.085366,0.052846,0.085366,0.097561,0.093496,0.073171,0.085366,0.060976,0.085366,0.081301,0.093496,0.081301,0.097561,0.081301,0.065041,0.069106,0.089431,0.097561,0.085366,0.081301,0.089431,0.081301,0.085366,0.097561,0.081301,0.081301,0.085366,0.089431,0.077236,0.097561,0.081301,0.089431,0.052846,0.089431,0.089431,0.081301,0.081301,0.081301,0.077236,0.089431,0.089431,0.085366,0.089431,0.085366,0.089431,0.081301,0.077236,0.081301,0.04878,0.089431,0.089431,0.101626,0.085366,0.052846,0.077236,0.081301,0.0,0.081301,0.085366,0.085366,0.097561,0.093496,0.056911,0.069106,0.077236
UPI001F5E2815,0.094697,0.098485,0.098485,0.093385,0.087121,0.076923,0.075758,0.098485,0.083333,0.079545,0.079545,0.087121,0.094697,0.079545,0.109848,0.083333,0.102273,0.083333,0.090909,0.075758,0.087121,0.056818,0.094697,0.090909,0.094697,0.076923,0.079545,0.087121,0.090909,0.102273,0.109848,0.098485,0.083333,0.083333,0.068182,0.102273,0.094697,0.106061,0.083333,0.090909,0.060606,0.098485,0.087121,0.083333,0.087121,0.109848,0.087121,0.064394,0.090909,0.090909,0.07197,0.102273,0.093023,0.08502,0.080972,0.080972,0.083333,0.076923,0.089147,0.098485,0.079545,0.090909,0.113636,0.079545,0.087121,0.083333,0.07197,0.079545,0.07197,0.07197,0.090909,0.090909,0.102273,0.102273,0.098485,0.087121,0.083333,0.089069,0.088353,0.090909,0.07197,0.075758,0.087121,0.089069,0.094697,0.08502,0.056911,0.072874,0.088353,0.081301,0.0,0.08502,0.08502,0.097166,0.085366,0.060976,0.084677,0.068182
UPI001FA9B3D8,0.012146,0.016194,0.0,0.089069,0.068826,0.016194,0.08502,0.012146,0.076923,0.072874,0.076923,0.068826,0.076923,0.068826,0.016194,0.076923,0.064777,0.040486,0.016194,0.080972,0.072874,0.068826,0.076923,0.016194,0.016194,0.008097,0.060729,0.072874,0.016194,0.064777,0.016194,0.008097,0.080972,0.08502,0.064777,0.064777,0.060729,0.068826,0.040486,0.068826,0.072874,0.008097,0.068826,0.080972,0.068826,0.020243,0.072874,0.064777,0.093117,0.080972,0.080972,0.020243,0.008097,0.016194,0.012146,0.020243,0.068826,0.024291,0.024291,0.020243,0.076923,0.064777,0.016194,0.08502,0.072874,0.068826,0.080972,0.064777,0.068826,0.072874,0.008097,0.016194,0.012146,0.004049,0.008097,0.068826,0.072874,0.012146,0.068826,0.076923,0.072874,0.072874,0.072874,0.004049,0.08502,0.008097,0.060976,0.016194,0.072874,0.085366,0.08502,0.0,0.012146,0.020243,0.065041,0.056911,0.076923,0.080972
UPI001FCB47AF,0.024291,0.02834,0.012146,0.089069,0.068826,0.012146,0.08502,0.0,0.076923,0.072874,0.076923,0.076923,0.08502,0.068826,0.02834,0.08502,0.076923,0.044534,0.012146,0.080972,0.072874,0.068826,0.076923,0.012146,0.012146,0.020243,0.060729,0.072874,0.012146,0.076923,0.02834,0.020243,0.080972,0.08502,0.064777,0.076923,0.068826,0.080972,0.044534,0.080972,0.072874,0.020243,0.068826,0.080972,0.068826,0.032389,0.072874,0.064777,0.089069,0.080972,0.080972,0.032389,0.012146,0.02834,0.024291,0.032389,0.076923,0.036437,0.036437,0.032389,0.076923,0.064777,0.02834,0.08502,0.072874,0.068826,0.080972,0.064777,0.068826,0.072874,0.020243,0.02834,0.024291,0.016194,0.020243,0.068826,0.080972,0.024291,0.068826,0.076923,0.072874,0.076923,0.072874,0.016194,0.08502,0.020243,0.060976,0.02834,0.072874,0.085366,0.08502,0.012146,0.0,0.032389,0.077236,0.056911,0.080972,0.080972
UPI001FCDEA80,0.024291,0.02834,0.020243,0.101215,0.072874,0.036437,0.080972,0.032389,0.093117,0.068826,0.072874,0.076923,0.089069,0.080972,0.008097,0.089069,0.068826,0.05668,0.036437,0.076923,0.08502,0.080972,0.089069,0.036437,0.036437,0.024291,0.072874,0.08502,0.036437,0.068826,0.008097,0.020243,0.093117,0.080972,0.076923,0.068826,0.068826,0.072874,0.05668,0.072874,0.08502,0.020243,0.080972,0.093117,0.080972,0.0,0.08502,0.080972,0.097166,0.093117,0.076923,0.024291,0.02834,0.02834,0.024291,0.024291,0.076923,0.02834,0.02834,0.024291,0.089069,0.076923,0.008097,0.097166,0.076923,0.080972,0.076923,0.076923,0.080972,0.08502,0.024291,0.02834,0.024291,0.016194,0.020243,0.076923,0.08502,0.024291,0.080972,0.089069,0.08502,0.076923,0.08502,0.016194,0.093117,0.020243,0.073171,0.02834,0.08502,0.097561,0.097166,0.020243,0.032389,0.0,0.069106,0.069106,0.089069,0.093117
UPI001FE7DD00,0.069106,0.069106,0.065041,0.093496,0.081301,0.077236,0.073171,0.077236,0.097561,0.073171,0.060976,0.085366,0.093496,0.069106,0.069106,0.089431,0.04878,0.077236,0.077236,0.069106,0.089431,0.069106,0.085366,0.077236,0.077236,0.069106,0.077236,0.073171,0.077236,0.04878,0.069106,0.073171,0.073171,0.077236,0.069106,0.012195,0.089431,0.0,0.077236,0.081301,0.077236,0.073171,0.077236,0.081301,0.077236,0.069106,0.073171,0.077236,0.093496,0.085366,0.073171,0.065041,0.073171,0.069106,0.069106,0.065041,0.085366,0.060976,0.060976,0.065041,0.081301,0.077236,0.069106,0.081301,0.085366,0.073171,0.077236,0.081301,0.077236,0.069106,0.069106,0.065041,0.077236,0.069106,0.073171,0.073171,0.085366,0.077236,0.077236,0.077236,0.069106,0.077236,0.081301,0.069106,0.081301,0.073171,0.069106,0.065041,0.073171,0.093496,0.085366,0.065041,0.077236,0.069106,0.0,0.077236,0.081301,0.065041
UPI001FE95567,0.052846,0.060976,0.056911,0.056911,0.069106,0.052846,0.069106,0.056911,0.065041,0.069106,0.073171,0.073171,0.089431,0.065041,0.069106,0.077236,0.081301,0.060976,0.052846,0.077236,0.073171,0.044715,0.077236,0.052846,0.052846,0.052846,0.0,0.060976,0.052846,0.081301,0.069106,0.056911,0.044715,0.073171,0.036585,0.073171,0.077236,0.077236,0.060976,0.056911,0.04878,0.056911,0.069106,0.073171,0.060976,0.069106,0.060976,0.04878,0.065041,0.077236,0.073171,0.056911,0.052846,0.060976,0.052846,0.056911,0.073171,0.052846,0.052846,0.056911,0.069106,0.065041,0.069106,0.077236,0.065041,0.04065,0.069106,0.065041,0.065041,0.065041,0.052846,0.04878,0.060976,0.060976,0.056911,0.081301,0.069106,0.060976,0.060976,0.065041,0.065041,0.036585,0.069106,0.060976,0.073171,0.056911,0.036585,0.04878,0.060976,0.056911,0.060976,0.056911,0.056911,0.069106,0.077236,0.0,0.04065,0.069106
UPI00200340CA,0.076613,0.084677,0.080645,0.076613,0.076613,0.076923,0.096774,0.084677,0.072581,0.08871,0.092742,0.072581,0.08871,0.084677,0.092742,0.076613,0.092742,0.072581,0.080645,0.08871,0.100806,0.064516,0.092742,0.080645,0.080645,0.072874,0.048387,0.08871,0.080645,0.092742,0.092742,0.080645,0.064516,0.092742,0.052419,0.084677,0.096774,0.08871,0.072581,0.064516,0.068548,0.080645,0.084677,0.096774,0.08871,0.092742,0.08871,0.072581,0.072581,0.092742,0.08871,0.080645,0.076613,0.080972,0.072874,0.076923,0.084677,0.072874,0.076613,0.080645,0.092742,0.08871,0.092742,0.096774,0.084677,0.060484,0.096774,0.092742,0.08871,0.084677,0.076613,0.072581,0.084677,0.084677,0.080645,0.100806,0.072581,0.080972,0.08871,0.092742,0.084677,0.052419,0.092742,0.080972,0.08871,0.076923,0.044715,0.068826,0.08871,0.069106,0.084677,0.076923,0.080972,0.089069,0.081301,0.04065,0.0,0.080645
UPI00200B4844,0.087121,0.094697,0.090909,0.085603,0.07197,0.076923,0.05303,0.090909,0.087121,0.05303,0.045455,0.090909,0.098485,0.07197,0.102273,0.094697,0.094697,0.079545,0.087121,0.045455,0.083333,0.05303,0.087121,0.087121,0.087121,0.076923,0.083333,0.075758,0.087121,0.090909,0.102273,0.090909,0.079545,0.056818,0.064394,0.090909,0.090909,0.087121,0.079545,0.079545,0.064394,0.090909,0.079545,0.090909,0.075758,0.102273,0.075758,0.060606,0.087121,0.098485,0.045455,0.098485,0.085271,0.08502,0.076923,0.080972,0.07197,0.076923,0.085271,0.094697,0.079545,0.075758,0.106061,0.094697,0.079545,0.079545,0.05303,0.083333,0.079545,0.075758,0.087121,0.087121,0.094697,0.094697,0.090909,0.075758,0.087121,0.08502,0.080321,0.079545,0.075758,0.075758,0.087121,0.08502,0.079545,0.080972,0.056911,0.072874,0.080321,0.077236,0.068182,0.080972,0.080972,0.093117,0.065041,0.069106,0.080645,0.0
