id,label
sequence_19481,1
sequence_19392,1
sequence_19380,0
sequence_19412,1
sequence_20036,1
sequence_19446,1
sequence_20058,1
sequence_53068,1
sequence_19515,1
sequence_20048,1
sequence_19424,1
sequence_19518,1
sequence_19347,0
sequence_19389,1
sequence_19516,1
sequence_19348,0
sequence_53059,1
sequence_19371,1
sequence_19430,1
sequence_19494,1
sequence_19470,1
sequence_19408,1
sequence_19432,1
sequence_19378,1
sequence_19524,1
sequence_19487,1
sequence_20056,0
sequence_20050,1
sequence_19407,1
sequence_19365,1
sequence_20072,1
sequence_19464,1
sequence_19400,1
sequence_53063,1
sequence_19396,1
sequence_53098,1
sequence_19510,1
sequence_19377,1
sequence_19442,1
sequence_19460,0
sequence_20074,1
sequence_19351,0
sequence_20067,1
sequence_19359,1
sequence_19473,1
sequence_19391,1
sequence_19451,1
sequence_19425,1
sequence_19406,1
sequence_53061,0
sequence_19462,0
sequence_19390,1
sequence_19429,0
sequence_19501,1
sequence_19520,1
sequence_20035,1
sequence_19492,1
sequence_53076,0
sequence_19393,1
sequence_19452,1
sequence_19438,1
sequence_20069,1
sequence_20044,1
sequence_20068,1
sequence_20073,1
sequence_19497,1
sequence_53056,0
sequence_19472,1
sequence_19496,1
sequence_53069,1
sequence_19367,1
sequence_19385,1
sequence_19471,1
sequence_19409,1
sequence_19387,1
sequence_20053,1
sequence_19364,1
sequence_20054,1
sequence_19506,1
sequence_19474,1
sequence_19422,1
sequence_19478,1
sequence_19382,1
sequence_19405,1
sequence_19375,1
sequence_19453,1
sequence_19449,1
sequence_19434,1
sequence_19526,1
sequence_19476,1
sequence_19447,1
sequence_19459,0
sequence_19383,1
sequence_19350,0
sequence_19360,1
sequence_19363,1
sequence_19450,1
sequence_19376,1
sequence_19417,1
sequence_19505,1
sequence_20051,1
sequence_19444,1
sequence_19420,1
sequence_19402,1
sequence_19441,1
sequence_19499,1
sequence_19414,1
sequence_19427,1
sequence_19456,1
sequence_19463,0
sequence_53083,0
sequence_19448,1
sequence_19466,1
sequence_19428,1
sequence_20049,1
sequence_20057,1
sequence_53073,0
sequence_19495,1
sequence_19362,0
sequence_20071,1
sequence_19513,0
sequence_19354,0
sequence_19498,1
sequence_19416,1
sequence_19384,1
sequence_19485,0
sequence_19397,1
sequence_19529,1
sequence_20038,1
sequence_19419,1
sequence_53077,0
sequence_19483,1
sequence_53078,0
sequence_53082,0
sequence_19358,1
sequence_19486,1
sequence_19357,1
sequence_19431,1
sequence_19410,1
sequence_19435,1
sequence_19352,1
sequence_19433,1
sequence_19488,1
sequence_53067,1
sequence_19507,1
sequence_53086,1
sequence_19388,1
sequence_53072,0
sequence_19475,1
sequence_20041,1
sequence_19398,1
sequence_19423,1
sequence_19517,1
sequence_19477,0
sequence_20052,1
sequence_19522,1
sequence_19514,1
sequence_19370,0
sequence_19403,0
sequence_19509,1
sequence_53064,1
sequence_53058,1
sequence_19500,1
sequence_19415,1
sequence_20037,1
sequence_19379,0
sequence_19461,0
sequence_20055,1
sequence_19372,1
sequence_53062,0
sequence_19369,0
sequence_19436,1
sequence_19468,1
sequence_19504,0
sequence_20066,1
sequence_19508,1
sequence_20075,1
sequence_53087,0
sequence_20065,1
sequence_53081,0
sequence_19386,1
sequence_20064,0
sequence_19445,0
sequence_19355,1
sequence_19395,1
sequence_53075,1
sequence_20070,1
sequence_19490,1
sequence_53088,1
sequence_19469,1
sequence_20045,1
sequence_19373,1
sequence_53070,1
sequence_19443,1
sequence_19381,0
sequence_19437,1
sequence_19411,1
sequence_53066,1
sequence_19479,1
sequence_19480,1
sequence_53099,0
sequence_19366,1
sequence_19528,1
sequence_19353,0
sequence_19426,1
sequence_19527,1
sequence_20039,1
sequence_19512,0
sequence_19421,1
sequence_20062,1
sequence_19361,1
sequence_19401,0
sequence_19455,1
sequence_53084,0
sequence_19404,0
sequence_19523,0
sequence_53080,1
sequence_20034,0
sequence_53079,1
sequence_19467,0
sequence_19349,0
sequence_19368,1
sequence_19502,1
sequence_53052,0
sequence_19493,1
sequence_19439,1
sequence_19465,0
sequence_19503,1
sequence_19491,1
sequence_20043,0
sequence_53074,1
sequence_20060,1
sequence_53085,0
sequence_53065,1
sequence_20076,0
sequence_19399,1
sequence_19454,1
sequence_19489,1
sequence_19482,1
sequence_19519,1
sequence_53060,1
sequence_20046,1
sequence_20047,1
sequence_19374,1
sequence_19525,1
sequence_20042,1
sequence_19418,1
sequence_19521,0
sequence_20040,1
sequence_19394,1
sequence_19458,0
sequence_20059,1
sequence_19484,0
sequence_19440,1
sequence_19511,0
sequence_19413,1
sequence_20063,1
sequence_19356,1
sequence_20061,1
sequence_19530,1
sequence_19457,1
